epitope,mean_auc,std_auc,median_auc,upper_quartile_auc,lower_quartile_auc
GILGFVFTL,0.8207291919598747,0.009502020408654286,0.8205303098351583,0.826749469023728,0.8140752899724443
NLVPMVATV,0.5591076996176211,0.025260917461233164,0.5576660557654743,0.5772684420511196,0.5425520962961287
YLQPRTFLL,0.720076091148287,0.016149640701638972,0.7205520543999844,0.7303691549550165,0.7100152304335304
TFEYVSQPFLMDLE,0.9554844629822731,0.007740834575670016,0.9550990615224192,0.960803638847938,0.9498852971845672
TTDPSFLGRY,0.6240651511134677,0.017563538901389796,0.6257124867444327,0.6354868896126848,0.6116454104176134
SPRWYFYYL,0.5909970860788072,0.01909689457524322,0.5905826967334331,0.6027542243106782,0.5772578513987697
