epitope,mean_auc,std_auc,median_auc,upper_quartile_auc,lower_quartile_auc
GILGFVFTL,0.744639005695543,0.019594708914375543,0.7489056281670491,0.7580218549402175,0.7385962403783453
NLVPMVATV,0.4239266231125603,0.03072273114460588,0.4245069758780181,0.4361710011743647,0.40897210788952615
GLCTLVAML,0.7670329605344938,0.018428517286916975,0.76861610650292,0.7777749617727314,0.7589588183399167
YLQPRTFLL,0.6800887095009953,0.027875729485000535,0.6863367816280546,0.7011865305943865,0.6639004766358207
LLWNGPMAV,0.7075651462924681,0.022700296476161376,0.7131287862841458,0.7228479548742458,0.6993947420611986
CINGVCWTV,0.6376992767980356,0.06304520544658967,0.6605532891285724,0.6813571389934046,0.6009298535607225
QYIKWPWYI,0.4677657128767509,0.03855021349516375,0.4675010860759196,0.4833988892672217,0.44518134532517695
TFEYVSQPFLMDLE,0.9252571460411211,0.006617378055731992,0.9256009360895971,0.9298151965973885,0.9208837131554021
LTDEMIAQY,0.42887557679437355,0.027528943434182787,0.42594018950557133,0.4385251676079325,0.41183353097958175
TTDPSFLGRY,0.5185597908786573,0.03244285362095881,0.5251394349314005,0.5419436344382542,0.5043022197792644
SPRWYFYYL,0.48070746279583354,0.027338774871782986,0.48451192282194466,0.49649188808856604,0.46315252183037586
KTFPPTEPK,0.41900132719850297,0.017535359778984086,0.41767843516496794,0.42805551568083766,0.40935133487963293
