epitope,mean_auc,std_auc,median_auc,upper_quartile_auc,lower_quartile_auc
GILGFVFTL,0.7646556048779325,0.025282861723599833,0.7644072974009346,0.7815654185866647,0.7539459345868293
NLVPMVATV,0.46427602129818596,0.03553239773773044,0.45935919215874066,0.4949027253620958,0.43769320958798424
GLCTLVAML,0.7807596093155057,0.024932429253010185,0.7830489369379807,0.7994933001205652,0.7641802951253747
YLQPRTFLL,0.6910246713045002,0.032035945597867536,0.6956702161405351,0.7136108855089586,0.6766587911006103
LLWNGPMAV,0.7264724698587751,0.022007001236565817,0.7296658518690662,0.7434406562507224,0.7155792626913142
CINGVCWTV,0.6811590604035288,0.0404050411849722,0.6947582009643531,0.7101252992375496,0.6575162560051928
QYIKWPWYI,0.45373419906303936,0.03873471166091469,0.4549096502248471,0.47431753337481947,0.4263581819676174
TFEYVSQPFLMDLE,0.9383449861629615,0.008159055299024115,0.9402901134822905,0.9437374863022603,0.9335933582214299
LTDEMIAQY,0.4534962956005119,0.03338643951394008,0.4520870269699069,0.47608813065786854,0.4288772910331224
TTDPSFLGRY,0.5557597728670183,0.029653743727929553,0.5575794064854324,0.5790095694597129,0.5397476895414486
SPRWYFYYL,0.5089585436383824,0.0312275925083883,0.5124462629080867,0.5305088399295572,0.4908597121278059
KTFPPTEPK,0.43495337176416654,0.0263759762756998,0.4342004195659783,0.45138474401690354,0.4162511301334501
