epitope,mean_avg_rank,std_avg_rank,median_avg_rank,upper_quartile_avg_rank,lower_quartile_avg_rank
CINGVCWTV,4.534580152671756,0.657132167191812,4.507633587786259,4.984732824427481,4.059160305343512
GILGFVFTL,4.059004524886878,0.7484381227805875,3.9992458521870287,4.590120663650075,3.558823529411765
GLCTLVAML,2.410709219858156,0.25114614790248574,2.368794326241135,2.5602836879432624,2.2056737588652484
LLWNGPMAV,3.0912230215827337,0.44077637815279763,2.9964028776978417,3.2715827338129495,2.764388489208633
NLVPMVATV,6.572047781569966,0.2113578303852078,6.597269624573379,6.6663822525597265,6.5426621160409555
SPRWYFYYL,6.150150943396227,0.665685254958051,6.1716981132075475,6.790566037735849,5.697169811320755
TFEYVSQPFLMDLE,1.1020792079207922,0.026837406377549812,1.0957095709570956,1.1221122112211221,1.0882838283828384
TTDPSFLGRY,6.014330985915492,0.6899227621441822,6.045774647887324,6.619718309859155,5.477992957746479
YLQPRTFLL,3.2899999999999996,0.631890542044482,3.263157894736842,3.766812865497076,2.7017543859649122
