epitope,mean_avg_rank,std_avg_rank,median_avg_rank,upper_quartile_avg_rank,lower_quartile_avg_rank
CINGVCWTV,4.227104072398189,0.6085801928666829,4.230769230769231,4.602941176470588,3.7975113122171944
GILGFVFTL,2.9790571049136783,0.531822648134555,2.901062416998672,3.3874501992031876,2.5401726427622844
GLCTLVAML,3.6583549783549785,0.5375663660154942,3.6904761904761907,4.0313852813852815,3.2683982683982684
KTFPPTEPK,5.809252336448597,0.7283211748781409,5.771028037383177,6.3107476635514015,5.296728971962617
LLWNGPMAV,3.7367685589519657,0.4691566490288383,3.6790393013100435,4.006550218340611,3.356986899563319
LTDEMIAQY,5.607217391304349,0.645560737193974,5.478260869565218,6.017391304347826,5.1326086956521735
NLVPMVATV,5.464595300261098,0.6703780123463546,5.4164490861618795,5.918407310704961,4.9210182767624016
QYIKWPWYI,5.1808695652173915,0.6832602816470239,5.1695652173913045,5.565217391304348,4.680434782608696
SPRWYFYYL,5.338084507042255,0.5608056635443688,5.304225352112676,5.693661971830986,4.9978873239436625
TFEYVSQPFLMDLE,1.6795928753180664,0.13025936145385528,1.6653944020356235,1.7442748091603053,1.587150127226463
TTDPSFLGRY,5.180802139037434,0.7207179231069396,5.090909090909091,5.568850267379679,4.6477272727272725
YLQPRTFLL,4.098055555555556,0.48470746643499585,4.072916666666666,4.29224537037037,3.763310185185185
