epitope,mean_avg_rank,std_avg_rank,median_avg_rank,upper_quartile_avg_rank,lower_quartile_avg_rank
GILGFVFTL,2.743641207815275,0.1917929797184239,2.730905861456483,2.7961811722912966,2.6718472468916517
NLVPMVATV,4.483730569948186,0.11409914664378223,4.471502590673575,4.549222797927461,4.393782383419689
SPRWYFYYL,3.9137575757575753,0.41895567835083214,3.8696969696969696,4.324242424242424,3.6166666666666667
TFEYVSQPFLMDLE,1.0757142857142856,0.030042436437316453,1.0738916256157636,1.0985221674876848,1.0492610837438423
TTDPSFLGRY,3.8801630434782606,0.3668646332703828,3.875,4.145380434782609,3.6630434782608696
YLQPRTFLL,2.2913223140495864,0.038322965469790346,2.2975206611570247,2.31095041322314,2.271694214876033
