epitope,mean_auc,std_auc,median_auc,upper_quartile_auc,lower_quartile_auc
GILGFVFTL,0.8101840661976926,0.012410654835058692,0.8111335838137489,0.8199822104773646,0.8040215270447495
NLVPMVATV,0.5366893154686498,0.022279711843835693,0.5374778306034547,0.5509657659805952,0.5215921228470225
GLCTLVAML,0.8506133951009063,0.02129444939747292,0.8530380590271804,0.8675667352753342,0.836502529821044
YLQPRTFLL,0.7166219866460797,0.018355127523241397,0.7178263264974802,0.7291994815252345,0.7056336635544365
LLWNGPMAV,0.7685805749382105,0.02050903143148907,0.7684241016214614,0.7819541524762914,0.7552719039591397
CINGVCWTV,0.7583676706840091,0.021255342148956708,0.7577587981502821,0.7710419730606719,0.7430524164539152
TFEYVSQPFLMDLE,0.9520381103803812,0.005119949209525698,0.9528414155284142,0.9555122738551227,0.9479942665799426
TTDPSFLGRY,0.6102310509397851,0.01600544222886223,0.6102959218726995,0.6200585116389392,0.5995556673373574
SPRWYFYYL,0.5754251358022001,0.02313745953122043,0.5763227433951368,0.5934422656765047,0.5598744680966988
