epitope,mean_avg_rank,std_avg_rank,median_avg_rank,upper_quartile_avg_rank,lower_quartile_avg_rank
GILGFVFTL,1.6456305506216697,0.05102948440276547,1.6438721136767318,1.6767317939609236,1.6123445825932503
NLVPMVATV,2.410569948186529,0.11639506295149003,2.401554404145078,2.477979274611399,2.3303108808290154
SPRWYFYYL,2.238060606060606,0.10145707972650274,2.242424242424242,2.309090909090909,2.1636363636363636
TFEYVSQPFLMDLE,1.2714285714285716,0.07454391890401064,1.2660098522167487,1.3251231527093597,1.2155172413793103
TTDPSFLGRY,2.371358695652174,0.12079421476385312,2.3668478260869565,2.4293478260869565,2.286684782608696
YLQPRTFLL,2.15900826446281,0.11211449746715492,2.1425619834710745,2.2520661157024793,2.0867768595041323
