epitope,mean_auc,std_auc,median_auc,upper_quartile_auc,lower_quartile_auc
GILGFVFTL,0.7551557382897945,0.006795136660319508,0.7555028185198034,0.7599245483109797,0.7509183871817016
NLVPMVATV,0.4185445797377925,0.012836209352835777,0.4196526421946336,0.42753339692286296,0.40962723122245903
GLCTLVAML,0.7798349338727122,0.017073685421306974,0.7796806632303017,0.7909835457829396,0.7673652096716472
YLQPRTFLL,0.6953894605582671,0.010302611235411029,0.6954699087746932,0.7028402987188389,0.6875101466996887
LLWNGPMAV,0.7259280254815371,0.016114726716759887,0.7253678806745631,0.7365716788508453,0.7164527503102004
CINGVCWTV,0.6785402699875,0.021254616432428996,0.6807905018388946,0.6906624901582532,0.6619940917685858
TFEYVSQPFLMDLE,0.9294539953265396,0.004928414956312153,0.9292924766929247,0.9331519356315193,0.9256869263568692
TTDPSFLGRY,0.5336453374719864,0.011375535543931992,0.5327089569939966,0.541909740966122,0.5272744188709493
SPRWYFYYL,0.48312577708279975,0.015121649693118463,0.48356371125482867,0.4915380382371049,0.4714929796936891
