epitope,mean_avg_rank,std_avg_rank,median_avg_rank,upper_quartile_avg_rank,lower_quartile_avg_rank
CINGVCWTV,2.5506106870229006,0.19135702400115445,2.5419847328244276,2.681297709923664,2.416030534351145
GILGFVFTL,2.0145098039215688,0.11018216308176217,2.013574660633484,2.085218702865762,1.9464555052790347
GLCTLVAML,2.227163120567375,0.21725397759337306,2.24822695035461,2.3634751773049647,2.106382978723404
LLWNGPMAV,2.4409352517985607,0.1987390898048724,2.4532374100719423,2.5467625899280577,2.3309352517985613
NLVPMVATV,3.3792150170648454,0.15370332460397726,3.3600682593856654,3.4667235494880546,3.2619453924914676
SPRWYFYYL,3.1683773584905657,0.14390652003176913,3.1716981132075475,3.271698113207547,3.0622641509433963
TFEYVSQPFLMDLE,1.433597359735974,0.07569172923300456,1.4422442244224423,1.4867986798679869,1.3795379537953796
TTDPSFLGRY,3.197922535211268,0.17889562283707175,3.177816901408451,3.334507042253521,3.0880281690140845
YLQPRTFLL,2.8397953216374265,0.15346743804422622,2.8260233918128654,2.939327485380117,2.741959064327485
