epitope,mean_auc,std_auc,median_auc,upper_quartile_auc,lower_quartile_auc
GILGFVFTL,0.7551493600758,0.007630460591079316,0.75457653736827,0.7608968935352733,0.7496998136874529
NLVPMVATV,0.4224016863889706,0.016175885242376856,0.4255545248169182,0.43373400155364994,0.4117990663016343
YLQPRTFLL,0.6964747404236209,0.013996116820342356,0.6976942002313854,0.7055550199411286,0.6866039306234227
TFEYVSQPFLMDLE,0.929706188198914,0.009162846392094914,0.9298356765308691,0.9361173636330948,0.9227485527309337
TTDPSFLGRY,0.5359513710043933,0.016973119487595598,0.5357158637580164,0.5462721872948544,0.523396076352068
SPRWYFYYL,0.4820207562194279,0.018458902151265066,0.48291637133681603,0.49300483903429326,0.4714448848869871
