epitope,mean_avg_rank,std_avg_rank,median_avg_rank,upper_quartile_avg_rank,lower_quartile_avg_rank
CINGVCWTV,5.6387782805429865,1.887312802386972,5.420814479638009,7.032805429864253,4.1866515837104075
GILGFVFTL,4.946547144754316,1.9890986582996057,4.254316069057104,6.462815405046481,3.098273572377158
GLCTLVAML,3.5750649350649355,1.5335458235902524,3.1125541125541125,4.340909090909091,2.4188311688311686
KTFPPTEPK,7.731588785046731,1.1446710353611163,7.794392523364486,8.728971962616823,6.892523364485982
LLWNGPMAV,4.0729694323144106,1.734765971676832,3.751091703056769,4.9137554585152845,2.572052401746725
LTDEMIAQY,7.596347826086956,1.048021399801714,7.734782608695652,8.397826086956522,6.832608695652174
NLVPMVATV,7.535483028720627,1.1669399070509676,7.813315926892951,8.652741514360313,6.674281984334204
QYIKWPWYI,7.445478260869565,1.0052887405098305,7.595652173913043,8.317391304347826,6.589130434782609
SPRWYFYYL,6.526338028169014,1.6401478238108895,6.376056338028169,7.715492957746479,5.483802816901409
TFEYVSQPFLMDLE,1.2876335877862595,0.30339922118220464,1.188295165394402,1.2169211195928753,1.173027989821883
TTDPSFLGRY,6.649010695187165,1.823825185564924,6.712566844919786,8.053475935828878,5.296122994652407
YLQPRTFLL,4.712569444444445,2.171903715849678,4.236111111111111,6.170138888888888,2.8292824074074074
