epitope,mean_auc,std_auc,median_auc,upper_quartile_auc,lower_quartile_auc
GILGFVFTL,0.6392704008142179,0.10835991901901823,0.694675940792882,0.7272965879265092,0.5462989128805882
NLVPMVATV,0.4606359554388775,0.08500032305317054,0.4318071770192793,0.5575104714374833,0.3915820039806316
GLCTLVAML,0.63939375842764,0.15519733721925902,0.7309514682650312,0.7686152541585354,0.5224473794257039
YLQPRTFLL,0.6098950234826086,0.07734413251163806,0.6166829401577524,0.6879543016261437,0.5410559084827079
LLWNGPMAV,0.6231750812338513,0.10149380590507814,0.6674256774317416,0.6991179865649242,0.5583763179275611
CINGVCWTV,0.5670787621761259,0.11854988578917712,0.5999951650530031,0.6709238374974315,0.4720443364639615
QYIKWPWYI,0.5006933872274442,0.10751929188097065,0.4686609810702743,0.6260312039932749,0.41411932783357874
TFEYVSQPFLMDLE,0.8704540419382504,0.08492912889139163,0.898545230054109,0.9123019936812289,0.8694501942840542
LTDEMIAQY,0.464144468739383,0.07798066970798631,0.43084073070657614,0.5734800902494054,0.40270965999668973
TTDPSFLGRY,0.4982281841902367,0.051344596993696805,0.5080284931905642,0.5416259177045333,0.4635711859729563
SPRWYFYYL,0.488532754315649,0.04640467312994228,0.486578682651452,0.5204683419381658,0.45467310627576296
KTFPPTEPK,0.45522724079716803,0.05251821154423299,0.4318150140774399,0.5185794329997492,0.41737053865953044
