epitope,mean_auc,std_auc,median_auc,upper_quartile_auc,lower_quartile_auc
GILGFVFTL,0.7556604625972257,0.12199141691273895,0.8104787778362942,0.8322695490959225,0.7294170916237429
NLVPMVATV,0.5076776198662405,0.04620822469593035,0.5132430264682292,0.545704482666429,0.46923551079820575
GLCTLVAML,0.5556580818006933,0.13269015253847216,0.5716191571415296,0.6760553154911254,0.43442814329523277
YLQPRTFLL,0.5524062973062065,0.1731927983439789,0.574213816260901,0.7297962599097524,0.3796747779639519
LLWNGPMAV,0.6389654849898284,0.12197898478913352,0.6712316578902389,0.7442494690827013,0.5485856644134389
CINGVCWTV,0.5917962408915014,0.12619100933180158,0.5995056266695676,0.7063748776154042,0.4885061222516348
QYIKWPWYI,0.5239790231111653,0.06911989715269676,0.5248011638340317,0.5783410138248848,0.4680751439547708
TFEYVSQPFLMDLE,0.9128988932643839,0.08666049840010832,0.9346268656716418,0.9448785270726658,0.9224221955913863
LTDEMIAQY,0.5113959736220849,0.0418437590395137,0.5113748225065988,0.5408256601012257,0.4853475386129816
TTDPSFLGRY,0.5377284354439147,0.04534413431447912,0.5379469497790837,0.571072444452531,0.5023351998253291
SPRWYFYYL,0.5156766990619182,0.07103605184827019,0.5214060412587701,0.5674254997096464,0.4698555847848369
KTFPPTEPK,0.4743980684311852,0.03892200668670139,0.4748069578791849,0.49701028628773725,0.4505733188377517
