epitope,mean_auc,std_auc,median_auc,upper_quartile_auc,lower_quartile_auc
GILGFVFTL,0.8988363977477799,0.005931478067148487,0.8994464772774049,0.9028591452569277,0.8959384864024056
NLVPMVATV,0.5561448193036663,0.04371965686237032,0.5518860144192216,0.5900946712729125,0.5257598215269781
GLCTLVAML,0.8061174491338974,0.02891531992546639,0.811438491812063,0.8296611621813741,0.7806693121022645
YLQPRTFLL,0.7059671495920018,0.04168747469869628,0.7122482143247796,0.7358215883485375,0.6828736176740828
LLWNGPMAV,0.8291212596470777,0.0190609880152408,0.8338360419574122,0.8398098386506075,0.8233801487076596
CINGVCWTV,0.7678115750053149,0.02530448373427685,0.7706459757188305,0.7852257474491688,0.7544209478235382
QYIKWPWYI,0.5324700066925759,0.04476821658967527,0.5298594559053177,0.5669427843464172,0.5008031091124705
TFEYVSQPFLMDLE,0.9668630820378522,0.002311699762796098,0.9669731245704947,0.9682277446555598,0.9656819152690328
LTDEMIAQY,0.5046125703014007,0.0462598413357094,0.5040296351959046,0.5360084068146861,0.4757945966255327
TTDPSFLGRY,0.5946367238691485,0.04809138637419839,0.6021523908898371,0.6291933347618426,0.5610957520480476
SPRWYFYYL,0.5816613536256523,0.04920085093338716,0.5893603608366922,0.6214431840828395,0.5518139445974141
KTFPPTEPK,0.4935738408419526,0.033826859937025916,0.49108737096331434,0.5170363682610678,0.46799927973667577
