epitope,mean_auc,std_auc,median_auc,upper_quartile_auc,lower_quartile_auc
GILGFVFTL,0.8991969691377619,0.007646136658248267,0.8986029196469653,0.9044225294585145,0.8934684402057975
NLVPMVATV,0.6601247596762896,0.03022816048458279,0.6689320436581865,0.6814954468903229,0.643830325250508
GLCTLVAML,0.9310550806992154,0.01698777087796701,0.9309514064776864,0.9449936927478463,0.9196631057384133
YLQPRTFLL,0.74053562484672,0.0240428780014005,0.7467578056185946,0.7576123995260844,0.7213966694645653
LLWNGPMAV,0.8531129891294543,0.020871503893608603,0.8548362201851782,0.869076374453516,0.8365484263466908
CINGVCWTV,0.8565789239124206,0.015608806314848712,0.8575445610952298,0.86762187318949,0.8454087057280558
TFEYVSQPFLMDLE,0.9729104767411049,0.004626649348142803,0.9736330129363302,0.9755905663559057,0.9696747849967479
TTDPSFLGRY,0.6924332887569318,0.02050715187115134,0.6924719045983216,0.7050404561515433,0.6804835619407503
SPRWYFYYL,0.6974054887517095,0.01707266027432945,0.6986204566876795,0.7094947122954793,0.6879450688954392
