epitope,mean_auc,std_auc,median_auc,upper_quartile_auc,lower_quartile_auc
GILGFVFTL,0.9037008604420562,0.004124671447331094,0.9035098014610539,0.9056831742610459,0.9006015958899559
NLVPMVATV,0.6169438723042758,0.022880479264244684,0.6166808252728637,0.6338625422895212,0.6015449026533725
GLCTLVAML,0.8436209855526358,0.017458822310315814,0.8412935205341591,0.856313776897267,0.8321882902601396
YLQPRTFLL,0.7431458395940629,0.011568456965509451,0.742818727267075,0.7529317485483743,0.733410361896077
LLWNGPMAV,0.8454332683198662,0.014150484758089565,0.8451413291211556,0.857598958448176,0.8351282195196754
CINGVCWTV,0.8131090688381115,0.019875897263956943,0.812042796477981,0.8240956203961316,0.7988018004825905
TFEYVSQPFLMDLE,0.9681669918816698,0.003787046315213545,0.968023897280239,0.971462503914625,0.965383392353834
TTDPSFLGRY,0.6581532692087484,0.020400914045089785,0.6547435016603688,0.6705878052870065,0.6469275510788308
SPRWYFYYL,0.6628582916982222,0.026996321009547415,0.6640861070399207,0.6819120186990232,0.6461433264864689
