epitope,mean_auc,std_auc,median_auc,upper_quartile_auc,lower_quartile_auc
GILGFVFTL,0.9044392745690617,0.005151232364282138,0.9041600143718543,0.9069696249699379,0.9012242154155523
NLVPMVATV,0.6201783529802174,0.021798968661478225,0.6187565521038381,0.6326234435218077,0.6064216274106085
YLQPRTFLL,0.7450987415366142,0.014475040591722667,0.7441201739784138,0.7546377768448596,0.7365812314196033
TFEYVSQPFLMDLE,0.9689555211966489,0.00564204791373002,0.968127000107871,0.9739879903635251,0.9641159972672684
TTDPSFLGRY,0.6588698524213502,0.02166587225753589,0.6589026915113871,0.6714623415644094,0.6454893198000302
SPRWYFYYL,0.67725958400056,0.0214521612710598,0.6780939630203275,0.6930420287191873,0.6589649016879741
