epitope,mean_avg_rank,std_avg_rank,median_avg_rank,upper_quartile_avg_rank,lower_quartile_avg_rank
GILGFVFTL,1.5102131438721138,0.042559427757132486,1.5062166962699823,1.539076376554174,1.4844582593250444
NLVPMVATV,2.173937823834197,0.09878386117287018,2.1709844559585494,2.2357512953367875,2.1075129533678756
SPRWYFYYL,2.049757575757576,0.0815294343688414,2.0545454545454547,2.0984848484848486,1.9984848484848485
TFEYVSQPFLMDLE,1.1564532019704434,0.04479845315446597,1.1551724137931034,1.188423645320197,1.1169950738916257
TTDPSFLGRY,2.1422826086956523,0.09973493935699977,2.1331521739130435,2.1915760869565215,2.0815217391304346
YLQPRTFLL,2.0305371900826445,0.09054942941136397,2.0309917355371905,2.0991735537190084,1.9700413223140496
