epitope,mean_avg_rank,std_avg_rank,median_avg_rank,upper_quartile_avg_rank,lower_quartile_avg_rank
CINGVCWTV,3.7143438914027147,0.36908138169952903,3.6515837104072397,3.8755656108597285,3.4558823529411766
GILGFVFTL,1.968100929614874,0.07320565325929335,1.9654714475431607,2.0156042496679945,1.9146746347941568
GLCTLVAML,2.9083549783549785,0.36155820053980126,2.8679653679653683,3.1471861471861473,2.616883116883117
KTFPPTEPK,6.379252336448596,0.33270025187028296,6.401869158878505,6.619158878504673,6.107476635514018
LLWNGPMAV,2.9470742358078605,0.22038715974656048,2.9148471615720526,3.1146288209606987,2.7882096069868996
LTDEMIAQY,6.197652173913045,0.446649962538806,6.165217391304348,6.449999999999999,5.939130434782609
NLVPMVATV,5.780574412532637,0.4190420630091159,5.7819843342036545,6.073107049608355,5.476501305483029
QYIKWPWYI,6.029391304347826,0.39187934565385624,6.043478260869565,6.326086956521739,5.730434782608696
SPRWYFYYL,5.773915492957746,0.3732807035385028,5.735211267605634,6.027464788732394,5.522535211267606
TFEYVSQPFLMDLE,1.3278371501272266,0.0326409055874711,1.33206106870229,1.3511450381679388,1.3072519083969465
TTDPSFLGRY,5.542727272727273,0.48022000460614894,5.451871657754011,5.8522727272727275,5.230614973262032
YLQPRTFLL,4.161597222222222,0.43558562336672585,4.048611111111111,4.277777777777778,3.8784722222222223
