epitope,mean_auc,std_auc,median_auc,upper_quartile_auc,lower_quartile_auc
GILGFVFTL,0.9021399053659752,0.007895432589580939,0.9014571785384172,0.9080285350849997,0.8966972261741601
NLVPMVATV,0.6799956482717527,0.03145838096612625,0.6785694353312064,0.7087607756182546,0.657504091529591
YLQPRTFLL,0.7382914821847861,0.022936890933613115,0.7386876199030523,0.7537359106285971,0.7244075629841887
TFEYVSQPFLMDLE,0.9756864693826184,0.005352001177684271,0.9751285462586747,0.9789101434684118,0.9718280536478372
TTDPSFLGRY,0.7144254816189466,0.01997446388119657,0.7135566580821088,0.7266729630611524,0.7018357382719791
SPRWYFYYL,0.7300945230532294,0.01997666094774484,0.7302619028867946,0.7449312647118017,0.7182474470375134
