epitope,mean_auc,std_auc,median_auc,upper_quartile_auc,lower_quartile_auc
GILGFVFTL,0.799705293359874,0.14498132095177715,0.8670976180995321,0.8872001215998082,0.8004891823269238
NLVPMVATV,0.5087652033601423,0.048173057549476005,0.5067878679856223,0.5387005020348751,0.47592237768469836
GLCTLVAML,0.649377149927836,0.13455265864793073,0.724951793513614,0.7585952746027321,0.5267766703837933
YLQPRTFLL,0.5798112511395579,0.1097170926809142,0.590410292882658,0.6838616525562774,0.5019817830656579
LLWNGPMAV,0.67706565215262,0.14286248225998785,0.7409697230800931,0.7877396152108098,0.5654181427377303
CINGVCWTV,0.6161172905815181,0.11683475679543212,0.6295499873082642,0.7224939865346727,0.5227726003553687
QYIKWPWYI,0.5031847586525311,0.05143526876946618,0.5034496876987273,0.543075361738085,0.4627307414215152
TFEYVSQPFLMDLE,0.9253940725453892,0.11880919945882136,0.9589061989323456,0.9623677234266623,0.9539913570831972
LTDEMIAQY,0.4939183225457998,0.04900573475540985,0.5000413788297196,0.530350282682742,0.45547637922172957
TTDPSFLGRY,0.5265138511882018,0.06542284322950603,0.5290117447985372,0.5806929901171447,0.48010957869742815
SPRWYFYYL,0.5206563882203422,0.055681438385241276,0.5238058216689461,0.558279361412483,0.48227097765070615
KTFPPTEPK,0.49664565315612064,0.040030123351577594,0.49551891394642217,0.52294901457921,0.4673570652022413
