epitope,mean_avg_rank,std_avg_rank,median_avg_rank,upper_quartile_avg_rank,lower_quartile_avg_rank
CINGVCWTV,3.5561538461538458,0.3436133044386441,3.572398190045249,3.740950226244344,3.32579185520362
GILGFVFTL,2.2169721115537846,0.10033141732477967,2.2144754316069055,2.2792164674634794,2.150730411686587
GLCTLVAML,3.0473160173160165,0.4048710434614321,2.9956709956709955,3.329004329004329,2.772727272727273
KTFPPTEPK,5.907570093457946,0.30032705554399947,5.920560747663552,6.133177570093458,5.7172897196261685
LLWNGPMAV,3.0872489082969437,0.21871320174461237,3.093886462882096,3.2139737991266375,2.9465065502183405
LTDEMIAQY,5.706695652173915,0.45233752056863213,5.704347826086957,6.065217391304348,5.380434782608695
NLVPMVATV,5.271879895561358,0.39081420255828575,5.280678851174935,5.497389033942558,5.010443864229765
QYIKWPWYI,5.356521739130436,0.388772485354378,5.339130434782609,5.613043478260869,5.110869565217391
SPRWYFYYL,5.197295774647888,0.3856999336295316,5.183098591549296,5.476760563380282,4.98169014084507
TFEYVSQPFLMDLE,1.440178117048346,0.07630915138576651,1.4312977099236641,1.4840966921119594,1.39058524173028
TTDPSFLGRY,5.007326203208556,0.3041057141778762,4.998663101604278,5.18048128342246,4.791443850267379
YLQPRTFLL,3.9690972222222216,0.3726303121266486,3.9050925925925926,4.083912037037036,3.701388888888889
