epitope,mean_auc,std_auc,median_auc,upper_quartile_auc,lower_quartile_auc
GILGFVFTL,0.8880489569725448,0.014117469687487089,0.8913007025730684,0.898132537820442,0.8813102131983215
NLVPMVATV,0.5695658765358903,0.043747655780834366,0.5706790792069047,0.599260226283725,0.5423822119861204
GLCTLVAML,0.8215183255551252,0.03254625649786841,0.8307247069443892,0.8483240344823841,0.7989837037787971
YLQPRTFLL,0.7173570365995054,0.05091718607697724,0.7276096699919058,0.7476716832381702,0.6938672789372361
LLWNGPMAV,0.8180432933721548,0.02445166090700987,0.8232225833180229,0.8353526848777377,0.8086827655098489
CINGVCWTV,0.7720765293350291,0.023826185634285502,0.7747010140426223,0.7859141667830281,0.7593087565429714
QYIKWPWYI,0.5659480327349153,0.04695244512164195,0.5738566849440525,0.5981290140778922,0.5395073324801277
TFEYVSQPFLMDLE,0.9658342007020673,0.004091504078746578,0.9660377779015992,0.9681995133819952,0.9629431102691257
LTDEMIAQY,0.5262750061642146,0.04323735424298083,0.5284575373668823,0.5572673155725675,0.4990448402587796
TTDPSFLGRY,0.6151821504655076,0.04256381767704241,0.6183760643947158,0.6395620609662933,0.591073291844454
SPRWYFYYL,0.597740321222745,0.046372751649112746,0.6020803422905321,0.6285919966812135,0.5735635877058481
KTFPPTEPK,0.4983044598402827,0.04033451773181401,0.4994333592728866,0.5269349521629306,0.46818878957985477
