epitope,mean_avg_rank,std_avg_rank,median_avg_rank,upper_quartile_avg_rank,lower_quartile_avg_rank
CINGVCWTV,2.5903816793893135,0.16295598483102688,2.568702290076336,2.7022900763358777,2.463740458015267
GILGFVFTL,1.6638914027149319,0.033336895723592705,1.667420814479638,1.6832579185520362,1.6447963800904977
GLCTLVAML,2.093617021276596,0.14249143011265808,2.074468085106383,2.1861702127659575,2.00709219858156
LLWNGPMAV,2.2815107913669066,0.16053213293826507,2.2553956834532376,2.3974820143884896,2.1708633093525176
NLVPMVATV,4.036006825938566,0.1177116975972976,4.018771331058021,4.122866894197952,3.9513651877133107
SPRWYFYYL,4.009396226415094,0.13596587744401428,4.00188679245283,4.091509433962264,3.908490566037736
TFEYVSQPFLMDLE,1.2297029702970297,0.03446909937728557,1.2326732673267327,1.254950495049505,1.2070957095709571
TTDPSFLGRY,3.7192957746478874,0.10193656498575485,3.7183098591549295,3.7931338028169015,3.6514084507042255
YLQPRTFLL,3.0471052631578948,0.06014712278286304,3.043859649122807,3.090643274853801,3.0116959064327484
