epitope,mean_avg_rank,std_avg_rank,median_avg_rank,upper_quartile_avg_rank,lower_quartile_avg_rank
GILGFVFTL,1.4281527531083484,0.026919084487082905,1.427175843694494,1.447602131438721,1.4103019538188277
NLVPMVATV,2.8749222797927456,0.08168478823080937,2.8756476683937824,2.9326424870466323,2.8134715025906734
SPRWYFYYL,2.707939393939394,0.09004720729074932,2.7151515151515153,2.7696969696969695,2.6484848484848484
TFEYVSQPFLMDLE,1.1464039408866995,0.037380561976079286,1.1477832512315271,1.1687192118226601,1.1182266009852218
TTDPSFLGRY,2.6949456521739132,0.09030788743036848,2.6983695652173916,2.7676630434782608,2.635869565217391
YLQPRTFLL,2.226942148760331,0.06741157721874365,2.2355371900826446,2.272727272727273,2.1859504132231407
