epitope,mean_auc,std_auc,median_auc,upper_quartile,lower_quartile
GILGFVFTL,0.887551509648909,0.004251715007636928,0.8869056318725256,0.890120171547098,0.8844381660306235
NLVPMVATV,0.5100594810498235,0.016471166204119553,0.5106624240527395,0.5210776934885315,0.5018424817801094
GLCTLVAML,0.8465678662308928,0.015295619214551493,0.8466082207815061,0.8574657401530744,0.8348204311471488
YLQPRTFLL,0.7503771549863042,0.007834466652102044,0.7497284138679046,0.7561450140413053,0.7447480034749208
LLWNGPMAV,0.8501526246264065,0.013554739889487775,0.8507189233288766,0.8585593770734318,0.8412342569521981
CINGVCWTV,0.6954148813578747,0.02202093555965791,0.694298896238808,0.7071756680185141,0.6823240635219765
TFEYVSQPFLMDLE,0.9564246537062465,0.004151035990607214,0.9566507672665077,0.959973500999735,0.9536928765869287
TTDPSFLGRY,0.6405081045214375,0.012398692676170525,0.6401191703063912,0.6485074062259738,0.6327089825538598
SPRWYFYYL,0.5352434795874447,0.017062962768996888,0.5345430671410436,0.5459341066476335,0.5228309787020742
