epitope,mean_auc,std_auc,median_auc,upper_quartile,lower_quartile
GILGFVFTL,0.8829438049866873,0.010873378403482981,0.8843466807051295,0.889462487190986,0.8782445530547738
NLVPMVATV,0.5041541990187025,0.04154599095173866,0.5086228389220169,0.5361102876623303,0.4772781343944421
GLCTLVAML,0.8279093938307766,0.021373978347539062,0.8274281707512819,0.8437868469231725,0.811832682232738
YLQPRTFLL,0.7395956389052963,0.029582689828522666,0.7467426125549649,0.7592222570880095,0.7289737939172191
LLWNGPMAV,0.847362969821665,0.007741395058565954,0.8472798981847738,0.851965947625021,0.8429514126740976
CINGVCWTV,0.6641483916335509,0.057770027826671025,0.6727784717531075,0.7115979002109601,0.6356565048551017
QYIKWPWYI,0.5478905235473001,0.05038539729253743,0.5514394908945743,0.5813708626378142,0.5200281205602978
TFEYVSQPFLMDLE,0.9558163592801024,0.002307724646274698,0.9560871826303375,0.957295741163797,0.9541096004903327
LTDEMIAQY,0.5398779837734388,0.028975804645941038,0.5381083492820158,0.5562739964071435,0.5227441909615
TTDPSFLGRY,0.6207043366126939,0.022867626376492187,0.622566099610576,0.6357024655760308,0.6072484426142963
SPRWYFYYL,0.5288552952133825,0.04182381285679847,0.5268419061873406,0.5623599378540954,0.49927950608647553
KTFPPTEPK,0.4751206692908428,0.03195296671033055,0.4769037239628586,0.49618304510208344,0.45203039964540886
