epitope,mean_auc,std_auc,median_auc,upper_quartile,lower_quartile
GILGFVFTL,0.888240305517807,0.00566542670614865,0.8877650897226754,0.8920137691636798,0.8844062482795789
NLVPMVATV,0.5121335611014323,0.014101557707921177,0.5120818909277401,0.5202692867540029,0.5048223484248554
YLQPRTFLL,0.7506811042552465,0.012306754222777746,0.7502102117127891,0.7598790352106145,0.741342572478802
TFEYVSQPFLMDLE,0.9572095214123909,0.0065614138691525445,0.956629031678113,0.9616373017870626,0.9524849879544064
TTDPSFLGRY,0.6441463809145078,0.019749732538021602,0.6452447230217644,0.6563600685502197,0.6308144993814068
SPRWYFYYL,0.533258638945038,0.018251971159051028,0.5303760970957043,0.5457247175771577,0.5197039701082439
