epitope,mean_auc,std_auc,median_auc,upper_quantile_0.75,lower_quantile_0.25
GILGFVFTL,0.8782148803195494,0.01644241189689339,0.8825212954155135,0.8893804852643044,0.8701254051401688
NLVPMVATV,0.4933759622743438,0.0473047304144324,0.4962056753552725,0.5292190008853674,0.45637370758864926
GLCTLVAML,0.8090338167960573,0.03898983226903013,0.8172127574622106,0.8342767904816356,0.7911632401374077
YLQPRTFLL,0.7212365967822817,0.0587476937263191,0.7387742771757715,0.7591016177800365,0.7143942921519624
LLWNGPMAV,0.8383044344900015,0.016143361984028395,0.8423554402935847,0.8496234636698554,0.8308761279122104
CINGVCWTV,0.6547015334804571,0.06755447403901037,0.6703438337257449,0.7043567833076236,0.6100846698699259
QYIKWPWYI,0.5487125528850482,0.061437598269200346,0.5525351066702673,0.5962530380772346,0.5017392992168512
TFEYVSQPFLMDLE,0.9552626526794556,0.003018974191964338,0.9556061328540513,0.9571402633605987,0.9534033305212193
LTDEMIAQY,0.5326405617067241,0.035745742665635294,0.5346385813304527,0.5590132437663156,0.5124634305518049
TTDPSFLGRY,0.6038473089216381,0.03246963802436052,0.6066109772952234,0.626392234286082,0.581349365957851
SPRWYFYYL,0.5311146966342606,0.04831145472105357,0.5300249462572593,0.5647349359899894,0.5029283777713607
KTFPPTEPK,0.4800146162951842,0.04086782332806928,0.4784147996304423,0.5114163490780306,0.4495575412865227
