epitope,mean_auc,std_auc,median_auc,upper_quantile_0.75,lower_quantile_0.25
GILGFVFTL,0.869793089051208,0.01994390077782157,0.8719042556396803,0.8829828754298897,0.8633920078165689
NLVPMVATV,0.5174694585753088,0.05409981111080431,0.5217624063986555,0.5541148013925778,0.49396721514428493
GLCTLVAML,0.8188378643689782,0.04372653778140714,0.8219393950848877,0.8551853326277092,0.7931123690539754
YLQPRTFLL,0.7297828959195287,0.058497792577350924,0.7426328765234693,0.7670987752773906,0.7158027873556616
LLWNGPMAV,0.8377447590334189,0.021031219953892073,0.8417755582704036,0.8532940156651496,0.8276961537270816
CINGVCWTV,0.6674111722895923,0.055823621134244925,0.6691887413552592,0.704844222446926,0.6358683551435439
QYIKWPWYI,0.570027106400216,0.06957344598281313,0.5808038527320192,0.6268729183544873,0.5264672787829687
TFEYVSQPFLMDLE,0.9562088104757364,0.0040919924496531515,0.9567145948721711,0.9586713677878443,0.9543417819022117
LTDEMIAQY,0.5332264380232243,0.03736467133416139,0.534317895400126,0.5577203731208928,0.5096177648753264
TTDPSFLGRY,0.6032148488135843,0.042943453135273944,0.6083870384501056,0.6318677046080674,0.5777012869308866
SPRWYFYYL,0.5415375878332852,0.04829635751674863,0.5429209981711426,0.5769344378669747,0.508717954888183
KTFPPTEPK,0.4829828189359818,0.05099385447108071,0.4863304557878123,0.5181383411286908,0.44839335036763295
