epitope,mean_avg_rank,std_avg_rank,median_avg_rank,upper_quartile_avg_rank,lower_quartile_avg_rank
GILGFVFTL,1.4872646536412077,0.04606424259544691,1.485790408525755,1.519538188277087,1.456039076376554
NLVPMVATV,2.1781865284974096,0.10081387773834916,2.1761658031088085,2.255181347150259,2.1088082901554404
SPRWYFYYL,2.030363636363637,0.09101607845929396,2.018181818181818,2.0924242424242423,1.9757575757575758
TFEYVSQPFLMDLE,1.1909852216748769,0.05995644596820183,1.1822660098522169,1.2364532019704433,1.1477832512315271
TTDPSFLGRY,1.9605434782608697,0.08386353856229198,1.9565217391304348,2.0217391304347827,1.9008152173913044
YLQPRTFLL,1.9674380165289256,0.0970525253566117,1.9731404958677685,2.025826446280992,1.896694214876033
