epitope,mean_auc,std_auc,median_auc,upper_quartile_auc,lower_quartile_auc
GILGFVFTL,0.8967998139772076,0.00827615727778583,0.8981852636337032,0.9030464129763935,0.8918875083666794
NLVPMVATV,0.627958828276429,0.03535276056484846,0.6253459887926028,0.6548142407855737,0.6018049867638074
YLQPRTFLL,0.7395871978931234,0.02198551323907516,0.7381109869028035,0.7516186912078416,0.7241599769102722
TFEYVSQPFLMDLE,0.9652536550285861,0.008051307036914876,0.9642871525655317,0.9699261083743844,0.9601840998166193
TTDPSFLGRY,0.7181107502651113,0.01950707458986297,0.7193457115083572,0.7310839897995253,0.7052097930237842
SPRWYFYYL,0.691914568730913,0.025700147746204632,0.6914240586634465,0.707954217310267,0.6759244918138941
