epitope,mean_auc,std_auc,median_auc,upper_quartile_auc,lower_quartile_auc
GILGFVFTL,0.8914519990453204,0.0075583076649447375,0.8924288726658942,0.8973809664410375,0.8863494324822412
NLVPMVATV,0.615948303699619,0.03485595960240014,0.6265811685569647,0.641165650724573,0.595589345773035
GLCTLVAML,0.9240221188808284,0.014259567388527244,0.9265729080782258,0.9337701451458873,0.9138662170525164
YLQPRTFLL,0.7419994222857794,0.023584678407439604,0.7395020517922094,0.7583594772765739,0.7246469596169988
LLWNGPMAV,0.849788793094808,0.02104548605201204,0.8504377885264929,0.8654088431678731,0.8329981598449299
CINGVCWTV,0.786683028902372,0.020069942172110316,0.7899500644090601,0.7962840641161952,0.7735055930832946
TFEYVSQPFLMDLE,0.9640801233408012,0.005939158891623472,0.964954590349546,0.9683192406831924,0.9602577630025776
TTDPSFLGRY,0.6948500300583992,0.01668705036592872,0.6917288793738038,0.7066415259851795,0.6835617362712862
SPRWYFYYL,0.6635454753485636,0.02912999124151479,0.6563956434327309,0.6887984297615221,0.6436814518985067
