epitope,mean_avg_rank,std_avg_rank,median_avg_rank,upper_quartile_avg_rank,lower_quartile_avg_rank
CINGVCWTV,3.3052488687782806,0.7926295941951114,3.1764705882352944,3.7081447963800906,2.7850678733031673
GILGFVFTL,1.6428818061088974,0.19637236899169752,1.6440903054448872,1.751660026560425,1.5185922974767596
GLCTLVAML,1.6699999999999997,0.21225268034782668,1.6536796536796536,1.7889610389610389,1.5562770562770563
KTFPPTEPK,3.657951634799499,0.5604856681908136,3.604205318491033,4.0539659162634125,3.2004842236801
LLWNGPMAV,1.051703056768559,0.28322789963947564,0.9890829694323144,1.1986899563318776,0.851528384279476
LTDEMIAQY,3.7290434782608695,0.6026403404703281,3.7086956521739127,4.134782608695652,3.3195652173913044
NLVPMVATV,4.155065274151436,0.7279099806248321,4.122715404699739,4.561357702349869,3.627284595300261
QYIKWPWYI,2.6793323609639983,0.36612331094491685,2.7264720077220077,2.9101110038610036,2.46875
SPRWYFYYL,3.1829667219780196,0.3038767639890587,3.179525222551929,3.391691394658754,3.0022189349112427
TFEYVSQPFLMDLE,1.4890158116820829,0.19829669790149737,1.5008037131547751,1.636580771549126,1.3210862619808308
TTDPSFLGRY,3.6317112299465237,0.4293770705412303,3.585561497326203,3.8663101604278074,3.3709893048128343
YLQPRTFLL,3.6469547774251874,0.38808426046650973,3.678066037735849,3.890330188679245,3.3347086570477247
