epitope,mean_auc,std_auc,median_auc,upper_quartile_auc,lower_quartile_auc
GILGFVFTL,0.8101781419344821,0.12737236594168586,0.865753811768635,0.8762200656810232,0.8403391307326389
NLVPMVATV,0.4853427814562829,0.052181351508186376,0.4915173929833943,0.5242049876719246,0.44729822059828295
GLCTLVAML,0.6879928783670555,0.12739574748575985,0.7565131028714803,0.7946281711736828,0.5795685809868971
YLQPRTFLL,0.6402090960424336,0.12543746776541648,0.6914552787052999,0.7497293611281882,0.5369774066350304
LLWNGPMAV,0.755650846616336,0.1193419935586725,0.8155960907628587,0.8377301324542077,0.6939484208283482
CINGVCWTV,0.5772514174008173,0.1257484582690081,0.5908450278613822,0.6916104604078277,0.4855002961405035
QYIKWPWYI,0.5120353244535816,0.0783072547439495,0.505945484480761,0.575661190142256,0.4512851393377645
TFEYVSQPFLMDLE,0.9138601598156544,0.1423275332358676,0.9519962232632458,0.955076987326143,0.9459690598104369
LTDEMIAQY,0.509737492704259,0.04687194955023432,0.5123308912564355,0.5384235101443468,0.4776554319514256
TTDPSFLGRY,0.5641649267807486,0.050378092104888104,0.5608979024329594,0.603786848433572,0.5277080623053527
SPRWYFYYL,0.5088519941721497,0.0660894630650971,0.5029551014968283,0.55603903748576,0.45739616288995444
KTFPPTEPK,0.48629842115541666,0.048338551466957855,0.487091034111077,0.5159579163530603,0.456082336762096
