epitope,mean_avg_rank,std_avg_rank,median_avg_rank,upper_quartile_avg_rank,lower_quartile_avg_rank
CINGVCWTV,1.1379389312977102,0.16361987766429356,1.1564885496183206,1.251908396946565,1.0305343511450382
GILGFVFTL,1.7519630006185245,0.07938923914691545,1.7568079490762303,1.7967467514256334,1.7028569704695662
GLCTLVAML,1.2250421696925982,0.15165918487159777,1.221637426900585,1.3401063829787234,1.1378282828282829
LLWNGPMAV,1.0574478532767613,0.1574974541461129,1.0632420947381578,1.153225806451613,0.9593428225317989
NLVPMVATV,2.5802623685087314,0.16942249126230868,2.5607173835399766,2.6905062564573528,2.4740749244250564
SPRWYFYYL,1.2874324257430205,0.3197653066085048,1.2785907859078591,1.4717948717948717,1.0884057971014491
TFEYVSQPFLMDLE,1.0194926473515924,0.14231819848028823,1.0369621903520208,1.1297199299824956,0.9081334408385406
TTDPSFLGRY,1.9842532314827361,0.19978436127243765,1.9699643493761139,2.117188988378739,1.8502747252747254
YLQPRTFLL,1.6255403222320615,0.15271304128019642,1.638014763014763,1.7139492971284391,1.51558495401779
