epitope,mean_avg_rank,std_avg_rank,median_avg_rank,upper_quartile_avg_rank,lower_quartile_avg_rank
GILGFVFTL,0.7400978814550493,0.06747095837536975,0.7384389200748462,0.7848837209302325,0.7026617464302924
NLVPMVATV,0.7828166674241547,0.09440412035585306,0.7866571847637673,0.8481881563091754,0.7241161886034283
SPRWYFYYL,,,,,
TFEYVSQPFLMDLE,0.4201541009824876,0.11002448747314106,0.41619850187265917,0.4957865168539326,0.33746234939759034
TTDPSFLGRY,,,,,
YLQPRTFLL,1.1660908212539969,0.25313223432404525,1.1396103896103895,1.3392857142857142,0.9595833333333333
