epitope,mean_avg_rank,std_avg_rank,median_avg_rank,upper_quartile_avg_rank,lower_quartile_avg_rank
GILGFVFTL,1.3478152753108348,0.024807567144414983,1.3516873889875667,1.3641207815275311,1.3339253996447602
NLVPMVATV,3.3858549222797927,0.17047884893412515,3.4041450777202074,3.5038860103626943,3.273316062176166
SPRWYFYYL,3.1403636363636367,0.16574559814904624,3.1575757575757577,3.2439393939393937,3.022727272727273
TFEYVSQPFLMDLE,1.223743842364532,0.051364832253014386,1.2216748768472907,1.2610837438423645,1.187192118226601
TTDPSFLGRY,1.980108695652174,0.10224679408084618,1.9809782608695652,2.061141304347826,1.8967391304347827
YLQPRTFLL,1.8760330578512394,0.07196017309491608,1.8780991735537191,1.9297520661157024,1.8367768595041323
