epitope,mean_auc,std_auc,median_auc,upper_quartile_auc,lower_quartile_auc
GILGFVFTL,0.875909768213714,0.013922304912006593,0.8766529315040003,0.8873119268440106,0.8667778586578103
NLVPMVATV,0.5452044116585145,0.04690538874612394,0.5406487889602121,0.5823273322919873,0.5173833521459709
GLCTLVAML,0.8459367460900775,0.033507721159056154,0.8517548337732335,0.8722077801391991,0.8258873131329222
YLQPRTFLL,0.7461213110629826,0.03729419671041688,0.7542905427577606,0.7721620787392529,0.7298092055249283
LLWNGPMAV,0.8471797924517054,0.020419525735187426,0.852259633693929,0.8600925803127216,0.8425324043261737
CINGVCWTV,0.6904336444271684,0.04119200733699296,0.6888281712890456,0.7139590936137078,0.6614846522428821
QYIKWPWYI,0.5901411429041084,0.05365893026685197,0.5944839084643474,0.6275587361598703,0.5639035329756132
TFEYVSQPFLMDLE,0.958941776712914,0.00463230772181547,0.9591248305194925,0.9621953529837857,0.9563206478334355
LTDEMIAQY,0.5531495849428782,0.03633852088200767,0.55676243703695,0.5797282461928637,0.5277536427573414
TTDPSFLGRY,0.6246268679312079,0.037323903376274024,0.6240695280329427,0.6574032883663444,0.5979899165874776
SPRWYFYYL,0.5589350721714056,0.05262785217526722,0.5705720026192385,0.586802637947233,0.5350205187230807
KTFPPTEPK,0.4783638689725167,0.046918916056136864,0.4848064733036665,0.5139469170966839,0.4453534830775894
