epitope,mean_avg_rank,std_avg_rank,median_avg_rank,upper_quartile_avg_rank,lower_quartile_avg_rank
CINGVCWTV,3.3532061068702284,0.2641725561902453,3.377862595419847,3.5419847328244276,3.213740458015267
GILGFVFTL,1.563529411764706,0.05485295245213789,1.5693815987933635,1.597662141779789,1.5173453996983408
GLCTLVAML,2.018581560283688,0.15016306546574262,2.0106382978723403,2.122340425531915,1.9060283687943262
LLWNGPMAV,1.4974820143884895,0.07591462220072419,1.5107913669064748,1.5467625899280575,1.4370503597122302
NLVPMVATV,5.148088737201366,0.3911351829660543,5.092150170648464,5.389931740614334,4.917235494880546
SPRWYFYYL,4.492150943396226,0.3518799351853482,4.492452830188679,4.722641509433963,4.250943396226415
TFEYVSQPFLMDLE,1.3559735973597362,0.045944624458082506,1.3564356435643565,1.3869636963696368,1.316831683168317
TTDPSFLGRY,2.9514436619718305,0.22616287636898008,2.9507042253521125,3.102992957746479,2.783450704225352
YLQPRTFLL,2.649093567251462,0.1365966553401958,2.6578947368421053,2.7339181286549707,2.5657894736842106
