epitope,mean_avg_rank,std_avg_rank,median_avg_rank,upper_quartile_avg_rank,lower_quartile_avg_rank
CINGVCWTV,0.9641984732824427,0.15370147022644196,0.9770992366412213,1.0687022900763359,0.8530534351145038
GILGFVFTL,1.3161787262959859,0.07597770543923218,1.3141057537870438,1.37001679731243,1.2578679091778557
GLCTLVAML,1.039096682600325,0.19800634096179023,1.0249524952495248,1.1798303957432656,0.909713544169951
LLWNGPMAV,0.5858360316341746,0.12829989495151164,0.5975996951993905,0.671938004032258,0.505859375
NLVPMVATV,1.7001693911873428,0.13029622289790485,1.6868414387031407,1.7802502678708096,1.606417213528521
SPRWYFYYL,0.9309600696835101,0.2782620055944375,0.9111111111111111,1.0888888888888888,0.7616459627329193
TFEYVSQPFLMDLE,0.8894955742487951,0.14511484477827818,0.875515767757147,1.0080263428689031,0.7770833333333333
TTDPSFLGRY,1.3706566699343785,0.11565558549162208,1.3640163419233187,1.4358272703650774,1.3015410741493143
YLQPRTFLL,1.2010197107787635,0.12429610493216794,1.2004748982360924,1.2827304364875132,1.1078627481150947
