epitope,mean_avg_rank,std_avg_rank,median_avg_rank,upper_quartile_avg_rank,lower_quartile_avg_rank
CINGVCWTV,2.7064705882352933,0.4361787489856959,2.6221719457013575,2.9671945701357467,2.3687782805429864
GILGFVFTL,1.756347941567065,0.1322513752452389,1.749003984063745,1.8522576361221779,1.6875830013280213
GLCTLVAML,1.6399567099567098,0.1898228217574915,1.6277056277056277,1.773809523809524,1.5357142857142858
KTFPPTEPK,3.395722895268698,0.38804051319033844,3.3794971596886176,3.664948979591837,3.1237113402061856
LLWNGPMAV,1.3773799126637554,0.27883262466498315,1.3427947598253276,1.539301310043668,1.1823144104803494
LTDEMIAQY,3.552782608695652,0.40747134845405275,3.569565217391304,3.8347826086956522,3.2369565217391303
NLVPMVATV,3.6553002610966057,0.3595058458926438,3.6005221932114884,3.8407310704960835,3.4530026109660574
QYIKWPWYI,2.3326430436441496,0.2761173140107931,2.345278314028314,2.499940205692418,2.1528112934362937
SPRWYFYYL,3.028097272879408,0.19705538622065494,3.0237388724035608,3.1465616385440627,2.8828793039874987
TFEYVSQPFLMDLE,1.4352074756359345,0.1499958480207442,1.4129746835443038,1.5273206751054853,1.3341219768664563
TTDPSFLGRY,3.4360427807486627,0.2469953503203466,3.443850267379679,3.620320855614973,3.2225935828877006
YLQPRTFLL,3.3410188765221744,0.2393142458657889,3.30188679245283,3.487311320754717,3.1685432852386235
