epitope,mean_avg_rank,std_avg_rank,median_avg_rank,upper_quartile_avg_rank,lower_quartile_avg_rank
GILGFVFTL,0.9559994650931591,0.06054260363775763,0.9502855970174778,0.9971119088470957,0.9089568248860285
NLVPMVATV,1.1447855187910898,0.1281997539788063,1.1586282343987824,1.2340495075394404,1.0382472704492571
SPRWYFYYL,,,,,
TFEYVSQPFLMDLE,0.5348367971845681,0.12761567130754609,0.5185185185185185,0.6219512195121951,0.43325575027382257
TTDPSFLGRY,,,,,
YLQPRTFLL,1.383241826224621,0.23445564223689982,1.4354166666666668,1.524116847826087,1.253548387096774
