epitope,mean_avg_rank,std_avg_rank,median_avg_rank,upper_quartile_avg_rank,lower_quartile_avg_rank
CINGVCWTV,3.754796380090497,0.522390966637564,3.6832579185520364,4.066742081447964,3.3733031674208145
GILGFVFTL,2.131460823373174,0.12615621640393812,2.136786188579017,2.1935590969455507,2.051792828685259
GLCTLVAML,2.8719913419913423,0.517594431410706,2.7727272727272725,3.1893939393939394,2.4945887445887447
KTFPPTEPK,5.908317757009346,0.5332407508004834,5.911214953271028,6.261682242990654,5.5140186915887845
LLWNGPMAV,2.501397379912664,0.23185707027272076,2.513100436681223,2.6550218340611353,2.3122270742358078
LTDEMIAQY,5.204521739130435,0.6030389078539072,5.156521739130435,5.641304347826087,4.765217391304348
NLVPMVATV,5.432036553524804,0.5896070641752583,5.4281984334203655,5.818537859007833,5.073759791122716
QYIKWPWYI,4.844173913043478,0.532150724132465,4.852173913043479,5.117391304347826,4.47608695652174
SPRWYFYYL,5.235014084507043,0.5583727107499932,5.125352112676056,5.609859154929578,4.82112676056338
TFEYVSQPFLMDLE,1.4905852417302798,0.06697962786440602,1.4936386768447838,1.5241730279898218,1.4529262086513994
TTDPSFLGRY,4.512593582887701,0.6009611886650236,4.45187165775401,4.760695187165775,4.162433155080214
YLQPRTFLL,3.5495370370370383,0.31930670003929806,3.53125,3.760416666666667,3.3119212962962963
