epitope,mean_avg_rank,std_avg_rank,median_avg_rank,upper_quartile_avg_rank,lower_quartile_avg_rank
CINGVCWTV,2.0174809160305345,0.1345994192822344,2.019083969465649,2.1087786259541983,1.9293893129770994
GILGFVFTL,1.7737556561085974,0.06961858666757251,1.7790346907993966,1.8190045248868778,1.7209653092006034
GLCTLVAML,1.681843971631206,0.17196795988322086,1.6631205673758864,1.7890070921985815,1.5602836879432624
LLWNGPMAV,1.9184172661870502,0.14576903073141698,1.9136690647482015,2.0161870503597124,1.8345323741007193
NLVPMVATV,3.123378839590444,0.144969963201075,3.1143344709897613,3.21160409556314,3.0332764505119454
SPRWYFYYL,2.8732830188679253,0.1306741617958721,2.890566037735849,2.956603773584906,2.7660377358490567
TFEYVSQPFLMDLE,1.3239273927392738,0.07013395454505834,1.3234323432343233,1.372937293729373,1.2640264026402641
TTDPSFLGRY,2.6536267605633803,0.1477813629450012,2.640845070422535,2.7535211267605635,2.537852112676056
YLQPRTFLL,2.577807017543859,0.13014415577522442,2.574561403508772,2.6527777777777777,2.4883040935672516
