epitope,mean_avg_rank,std_avg_rank,median_avg_rank,upper_quartile_avg_rank,lower_quartile_avg_rank
CINGVCWTV,4.615882352941176,0.9716842202008796,4.547511312217194,5.144796380090498,3.91289592760181
GILGFVFTL,1.8189907038512616,0.2000904983704922,1.7915006640106241,1.905710491367862,1.6889110225763613
GLCTLVAML,2.6223376623376624,0.5305148865623156,2.593073593073593,2.9783549783549788,2.2283549783549783
KTFPPTEPK,6.624766355140188,1.33854705849022,6.696261682242991,7.509345794392523,5.546728971962617
LLWNGPMAV,1.9521397379912664,0.29099154917592723,1.8930131004366813,2.0709606986899565,1.7609170305676856
LTDEMIAQY,6.027652173913044,1.5533542607394095,5.717391304347826,7.1521739130434785,4.841304347826087
NLVPMVATV,6.34485639686684,1.2096820559408057,6.382506527415144,7.056135770234986,5.554830287206267
QYIKWPWYI,5.937304347826086,1.3123754678521073,5.873913043478261,6.854347826086957,4.95
SPRWYFYYL,5.874732394366198,1.2643428716310452,5.788732394366198,6.943661971830986,5.065492957746479
TFEYVSQPFLMDLE,1.4513231552162846,0.040638697476958016,1.450381679389313,1.481552162849873,1.4268447837150129
TTDPSFLGRY,4.506711229946525,1.4506283020184156,4.184491978609626,5.20187165775401,3.427139037433155
YLQPRTFLL,3.3744212962962967,0.600270570048163,3.310185185185185,3.713541666666667,2.9652777777777777
