epitope,mean_avg_rank,std_avg_rank,median_avg_rank,upper_quartile_avg_rank,lower_quartile_avg_rank
CINGVCWTV,4.547420814479638,0.6332100182504953,4.459276018099548,4.970588235294118,4.118778280542987
GILGFVFTL,2.879721115537848,0.28299146615432447,2.8366533864541834,3.0541168658698536,2.684594953519256
GLCTLVAML,4.009134199134198,0.783685356954114,3.8528138528138527,4.366883116883117,3.515151515151515
KTFPPTEPK,6.010093457943925,0.846733799577746,5.990654205607477,6.542056074766355,5.378504672897196
LLWNGPMAV,4.212270742358078,0.6159712998554163,4.117903930131004,4.618995633187773,3.7270742358078603
LTDEMIAQY,5.388608695652173,0.8986936076205682,5.243478260869566,5.995652173913044,4.7043478260869565
NLVPMVATV,5.653916449086162,0.7558586987674145,5.642297650130549,6.2558746736292425,5.0718015665796345
QYIKWPWYI,4.931826086956522,0.7160632978325558,4.908695652173913,5.406521739130435,4.376086956521739
SPRWYFYYL,5.456140845070422,0.8078172180672994,5.404225352112676,6.040140845070423,4.866197183098592
TFEYVSQPFLMDLE,1.3814249363867686,0.09930545014468824,1.3625954198473282,1.436386768447837,1.3091603053435115
TTDPSFLGRY,5.541390374331552,0.7168516994894288,5.536096256684492,6.02072192513369,5.02072192513369
YLQPRTFLL,4.624745370370371,0.5024420489782351,4.6655092592592595,4.935185185185185,4.282986111111112
