epitope,mean_avg_rank,std_avg_rank,median_avg_rank,upper_quartile_avg_rank,lower_quartile_avg_rank
GILGFVFTL,1.90955595026643,0.03615398719386515,1.9129662522202486,1.9342806394316163,1.8841030195381883
NLVPMVATV,2.7162694300518138,0.18074380758922798,2.7357512953367875,2.844559585492228,2.5686528497409324
SPRWYFYYL,2.5066666666666664,0.1451689114646488,2.5090909090909093,2.6,2.4045454545454548
TFEYVSQPFLMDLE,1.088620689655172,0.027974874587607824,1.0886699507389161,1.1083743842364533,1.064039408866995
TTDPSFLGRY,2.29570652173913,0.16605745918063244,2.2934782608695654,2.3940217391304346,2.1630434782608696
YLQPRTFLL,2.698595041322314,0.11453337920680837,2.7107438016528924,2.7737603305785123,2.6301652892561984
