epitope,mean_auc,std_auc,median_auc,upper_quartile_auc,lower_quartile_auc
GILGFVFTL,0.7266183120393098,0.14602784858833165,0.8048483641828622,0.8303108930307039,0.6555454222382071
NLVPMVATV,0.4851305965678826,0.05367266932423624,0.4822304904494549,0.5259587677865906,0.445674033805662
GLCTLVAML,0.5521946712058798,0.124809911626524,0.5479189898708299,0.6844432441222934,0.4449905910231391
YLQPRTFLL,0.5241793508110076,0.16007904539590964,0.5164348866146183,0.6858866306908665,0.3821804268074625
LLWNGPMAV,0.5776210578778891,0.11823418561279445,0.6013893994488294,0.6784929909550892,0.47332301546977107
CINGVCWTV,0.5873015716037073,0.09386383635565376,0.5914312651847554,0.669189300262296,0.5165808463574717
QYIKWPWYI,0.5617505597031177,0.06888860975470099,0.5679418605664108,0.6225031143013947,0.5037545843387663
TFEYVSQPFLMDLE,0.9180469174296599,0.062448508105443,0.9351730399099394,0.9463427388604424,0.9242619021679921
LTDEMIAQY,0.5235596595611232,0.04163921599515703,0.5300693422072774,0.5493562325228891,0.496410930980112
TTDPSFLGRY,0.5335410748590653,0.041589410522555895,0.5314672962097021,0.5619732959731687,0.5053889080946012
SPRWYFYYL,0.5332299139276223,0.05684956452895011,0.5351280253099484,0.5766390698530461,0.4922508908936862
KTFPPTEPK,0.5021589894962626,0.043052106177167954,0.5060398256813388,0.5291421589124597,0.4699448982057072
