epitope,mean_auc,std_auc,median_auc,upper_quartile_auc,lower_quartile_auc
GILGFVFTL,0.8864159492812622,0.007514727518063018,0.8869798533259543,0.8912225927868358,0.8806043712458602
NLVPMVATV,0.6568480062749358,0.03001359876971624,0.6552571441500554,0.6819184560038011,0.6309662797625781
YLQPRTFLL,0.7279275565893591,0.02621345800576586,0.7244350216984863,0.7455254499567983,0.7081263759866832
TFEYVSQPFLMDLE,0.9680603933695301,0.0058051808025812585,0.9678458164035814,0.9721469921973319,0.9640246664988674
TTDPSFLGRY,0.623128463805989,0.021653049372342005,0.6199451314194819,0.6362820263975155,0.6089449830833712
SPRWYFYYL,0.6929416340710017,0.021924073036853207,0.6933154822845842,0.707513410162847,0.6775330550669851
