epitope,mean_avg_rank,std_avg_rank,median_avg_rank,upper_quartile_avg_rank,lower_quartile_avg_rank
GILGFVFTL,1.8040319715808173,0.044147069877764795,1.802841918294849,1.8281527531083481,1.77797513321492
NLVPMVATV,3.6911398963730573,0.19548433151814795,3.6813471502590676,3.816062176165803,3.5725388601036268
SPRWYFYYL,2.777272727272727,0.1792103380692384,2.790909090909091,2.8984848484848484,2.6772727272727272
TFEYVSQPFLMDLE,1.0207881773399015,0.013392855727308669,1.019704433497537,1.0344827586206897,1.0098522167487685
TTDPSFLGRY,2.6908152173913042,0.12787546877772477,2.6956521739130435,2.7717391304347827,2.610054347826087
YLQPRTFLL,3.271487603305785,0.11870441583001558,3.2789256198347108,3.3595041322314048,3.195247933884297
