epitope,mean_avg_rank,std_avg_rank,median_avg_rank,upper_quartile_avg_rank,lower_quartile_avg_rank
GILGFVFTL,1.67550621669627,0.061230034346627944,1.6767317939609236,1.7158081705150976,1.630550621669627
NLVPMVATV,2.2928497409326427,0.10253958009628172,2.2927461139896375,2.3523316062176165,2.22279792746114
SPRWYFYYL,2.16,0.09369469596206245,2.16969696969697,2.224242424242424,2.090909090909091
TFEYVSQPFLMDLE,1.1997044334975369,0.04923851699851904,1.2019704433497538,1.227832512315271,1.1625615763546797
TTDPSFLGRY,2.250271739130435,0.09545859549894592,2.2418478260869565,2.327445652173913,2.1902173913043477
YLQPRTFLL,2.1030991735537192,0.0939742014393608,2.115702479338843,2.170454545454546,2.041322314049587
