epitope,mean_auc,std_auc,median_auc,upper_quartile_auc,lower_quartile_auc
GILGFVFTL,0.8385773144507342,0.014222740905153587,0.8419583222303824,0.8489502566135675,0.8282137355959522
NLVPMVATV,0.5369320350713169,0.04678245298686701,0.5394016441105043,0.5763076683351005,0.5074205403597585
GLCTLVAML,0.7363343096825113,0.05572811835377166,0.738480829643361,0.7769117556544375,0.7104563497092071
YLQPRTFLL,0.6518900401435103,0.07263460502262722,0.66648789405176,0.7017790780665485,0.6167060444969482
LLWNGPMAV,0.6743689414890964,0.053255980999634786,0.6762146831475603,0.7135403422149922,0.6331628301420765
CINGVCWTV,0.6551721582968212,0.03770864413534558,0.6599969557335991,0.6855411183527751,0.6316263112674338
QYIKWPWYI,0.6183994880766477,0.036463564044835035,0.6230388991299651,0.6457414082588735,0.5988869189493831
TFEYVSQPFLMDLE,0.9524645307479431,0.005598320478091376,0.9520098066529225,0.9553741572407645,0.9489833026875429
LTDEMIAQY,0.5560728903709097,0.03617475560557796,0.5579800162030786,0.5788590919231176,0.5307699984736229
TTDPSFLGRY,0.5372038094617004,0.0360487051707714,0.5386466116380033,0.5583590697919967,0.5149977951269199
SPRWYFYYL,0.5599768254342689,0.04060456109810699,0.5645019989994835,0.5870374136241068,0.5352759351372457
KTFPPTEPK,0.5056495843375466,0.0310825994598013,0.5068072439350555,0.5266302253719052,0.4838129632287944
