epitope,mean_avg_rank,std_avg_rank,median_avg_rank,upper_quartile_avg_rank,lower_quartile_avg_rank
CINGVCWTV,2.7135114503816795,0.23473364364035035,2.7061068702290076,2.8874045801526718,2.5095419847328246
GILGFVFTL,2.0751734539969835,0.08191495639735098,2.0784313725490198,2.1255656108597285,2.023755656108597
GLCTLVAML,3.3108510638297877,0.33434290302318626,3.2836879432624113,3.521276595744681,3.099290780141844
LLWNGPMAV,3.1661151079136687,0.24421275260891928,3.1510791366906474,3.3741007194244603,2.9784172661870505
NLVPMVATV,4.86419795221843,0.4019861507314788,4.872013651877133,5.165529010238908,4.600682593856655
SPRWYFYYL,3.7090566037735853,0.43643381503052714,3.7037735849056603,3.9367924528301885,3.409433962264151
TFEYVSQPFLMDLE,1.0409900990099008,0.013902030619963649,1.0445544554455446,1.0495049504950495,1.033003300330033
TTDPSFLGRY,3.2207394366197177,0.2604380622699242,3.220070422535211,3.390845070422535,3.047535211267606
YLQPRTFLL,4.616812865497077,0.23939329706330828,4.609649122807017,4.766081871345029,4.459795321637427
