epitope,mean_auc,std_auc,median_auc,upper_quartile_auc,lower_quartile_auc
GILGFVFTL,0.8282880181286817,0.014802668300036464,0.8307728303750739,0.8379978725662873,0.8231270675860993
NLVPMVATV,0.5057793752684127,0.03388236470234383,0.5068519806476868,0.5284894592221829,0.48506903667894236
GLCTLVAML,0.6916776913264229,0.07335906472510542,0.7127970533323196,0.7466075184921017,0.6439122396050191
YLQPRTFLL,0.6053716009275667,0.10339293255541969,0.6282110706394523,0.6893969381002385,0.538290154448601
LLWNGPMAV,0.6490850378582786,0.05715590147679868,0.6551781827296166,0.6947763727352257,0.6124822206621153
CINGVCWTV,0.6384786970539803,0.045403487095306914,0.640617432576418,0.6677614075077648,0.6133552092807355
QYIKWPWYI,0.593994716387418,0.03208256018707639,0.5944298982023977,0.6195411476006529,0.5731827308058097
TFEYVSQPFLMDLE,0.9521526940435728,0.0033678109041126196,0.9518645641797143,0.954288181868836,0.9493930276183579
LTDEMIAQY,0.5373090208878817,0.02264868761273514,0.5364076130986626,0.5562522748887506,0.519773039486198
TTDPSFLGRY,0.548272342196302,0.023317092911526425,0.550492369896961,0.5622909640574634,0.5320568360381847
SPRWYFYYL,0.5580695643685969,0.031498452310409264,0.5579652910242279,0.5771762251243527,0.5372139275154246
KTFPPTEPK,0.5009895561817985,0.023075606804282077,0.500765594582411,0.5171377339911403,0.4821816675355157
