epitope,mean_auc,std_auc,median_auc,upper_quartile_auc,lower_quartile_auc
GILGFVFTL,0.8583540754738336,0.0037042544310609653,0.858185148824243,0.861124910498771,0.8554454885229283
NLVPMVATV,0.6132882642542389,0.011520247321508782,0.6138928218350548,0.6210812952392307,0.606957712962825
GLCTLVAML,0.7396768966737649,0.018407727321923178,0.7416221303485597,0.7530236255034433,0.7262200281948012
YLQPRTFLL,0.7525831252180463,0.013318392963820116,0.7540461584163204,0.7624298150623655,0.7465738697008322
LLWNGPMAV,0.7599944474623702,0.013866927576536382,0.7602792104572124,0.7715150810530177,0.7516925718271859
CINGVCWTV,0.74027334059129,0.01330121244627695,0.7411387139834511,0.7498721368740278,0.733566139722033
TFEYVSQPFLMDLE,0.963992382741924,0.004336658474796576,0.9639946038399461,0.9673024017730241,0.9610428561104285
TTDPSFLGRY,0.6177667376208471,0.011992500039847072,0.6179827951448529,0.625578291905907,0.6080332349789797
SPRWYFYYL,0.6275866818496342,0.011162529683162803,0.6274541105705054,0.6356025149968126,0.6210892507859365
