epitope,mean_avg_rank,std_avg_rank,median_avg_rank,upper_quartile_avg_rank,lower_quartile_avg_rank
CINGVCWTV,4.544886877828054,0.8055333656615582,4.5565610859728505,5.108597285067873,4.066742081447964
GILGFVFTL,2.9393891102257634,0.3222357300868969,2.9269588313413015,3.1138778220451524,2.700863213811421
GLCTLVAML,4.534112554112554,0.9282321664013953,4.554112554112554,5.191558441558442,3.8722943722943723
KTFPPTEPK,5.922429906542057,1.5108779584840033,5.752336448598131,6.80607476635514,4.94392523364486
LLWNGPMAV,3.3335807860262014,0.9625373225440602,3.1572052401746724,3.914847161572052,2.6179039301310043
LTDEMIAQY,5.275652173913044,1.083415798325136,5.413043478260869,5.928260869565218,4.491304347826087
NLVPMVATV,5.304751958224544,1.112139702160938,5.284595300261096,5.986292428198434,4.526109660574413
QYIKWPWYI,5.098608695652174,0.9850252853883713,5.178260869565218,5.608695652173913,4.406521739130435
SPRWYFYYL,5.0088169014084505,1.3809222804969377,4.992957746478873,5.74718309859155,3.97112676056338
TFEYVSQPFLMDLE,1.2205852417302798,0.05151989399734268,1.217557251908397,1.2576335877862594,1.1806615776081424
TTDPSFLGRY,4.975561497326203,1.3309901542891749,4.877005347593583,5.970588235294118,3.927807486631016
YLQPRTFLL,4.656342592592592,0.7947212310827897,4.777777777777778,5.254050925925926,4.138888888888888
