epitope,mean_auc,std_auc,median_auc,upper_quartile_auc,lower_quartile_auc
GILGFVFTL,0.8371140620886325,0.0034564528576676943,0.8370044215452526,0.839584271404634,0.8346387595068143
NLVPMVATV,0.5051905152242275,0.01533452573211623,0.5065576702386098,0.5157668499833574,0.4966314937081141
GLCTLVAML,0.745483918484203,0.016289348058908228,0.748095466884949,0.7564248952580932,0.7353168553899325
YLQPRTFLL,0.6400403622760384,0.03576544512137105,0.6449376172267645,0.6643607751905852,0.6170562135798248
LLWNGPMAV,0.6717888792894355,0.016675813381199237,0.6710021227932672,0.6830458174558154,0.6607589938080185
CINGVCWTV,0.652612599133714,0.016424787319505644,0.6521427949924343,0.665526509580715,0.6398170018696666
TFEYVSQPFLMDLE,0.9540191756401916,0.0041571201305287495,0.9539076389390764,0.9573214328732144,0.9517373708173738
TTDPSFLGRY,0.5539027968624757,0.010273666652423435,0.5546393196577841,0.5599746855114427,0.5477100407321981
SPRWYFYYL,0.5631442690654302,0.013177678385804166,0.5631587836917494,0.5734503293577933,0.5529541405368886
