epitope,mean_auc,std_auc,median_auc,upper_quartile_auc,lower_quartile_auc
GILGFVFTL,0.866767301725559,0.006957379111086835,0.865503089176441,0.8709351678932333,0.8622043998927215
NLVPMVATV,0.6224731557794437,0.02756749575506177,0.626504910800781,0.6411940921352668,0.6004898380950962
GLCTLVAML,0.8596262409370322,0.01908942546731796,0.8612839509102017,0.8711793177490821,0.8489262348077277
YLQPRTFLL,0.6873941289036729,0.022887082323802516,0.6859846875507335,0.7002278473798198,0.6703337271116361
LLWNGPMAV,0.7326972904819082,0.024788426768164715,0.7340554973129326,0.7489907210481268,0.7160839174856826
CINGVCWTV,0.7320945465580944,0.023876705786855343,0.7328053275948787,0.7475644992540433,0.7175267451459763
TFEYVSQPFLMDLE,0.9616182602201826,0.004105492907296537,0.9618650478186506,0.9645510828455108,0.9592715183927152
TTDPSFLGRY,0.5543428559159838,0.02122898715884952,0.5506519809916408,0.5699578568974825,0.5390250548003468
SPRWYFYYL,0.6223106805638039,0.021750460934081815,0.6230098235252454,0.6367461411471131,0.6071913871166346
