epitope,mean_avg_rank,std_avg_rank,median_avg_rank,upper_quartile_avg_rank,lower_quartile_avg_rank
CINGVCWTV,2.468625954198473,0.15765121983343483,2.4580152671755724,2.5591603053435112,2.366412213740458
GILGFVFTL,2.1218250377073904,0.0971690949983681,2.119155354449472,2.193061840120664,2.054675716440422
GLCTLVAML,1.956808510638298,0.17076475213993023,1.9574468085106382,2.0726950354609928,1.8404255319148937
LLWNGPMAV,2.3945323741007196,0.15897398892525041,2.4136690647482015,2.5179856115107913,2.264388489208633
NLVPMVATV,3.2254266211604095,0.1703098175667709,3.2286689419795223,3.361774744027304,3.0810580204778155
SPRWYFYYL,3.108716981132076,0.15304359198161752,3.1188679245283017,3.2235849056603776,2.9801886792452827
TFEYVSQPFLMDLE,1.3092409240924092,0.04939150918772128,1.3135313531353134,1.3440594059405941,1.2698019801980198
TTDPSFLGRY,3.135739436619718,0.11662254091807664,3.140845070422535,3.2086267605633805,3.061619718309859
YLQPRTFLL,2.843157894736842,0.12077865427385565,2.8260233918128654,2.918859649122807,2.7624269005847952
