epitope,mean_auc,std_auc,median_auc,upper_quartile_auc,lower_quartile_auc
GILGFVFTL,0.8371141998774665,0.0034564697282859847,0.8370046675967412,0.8395840868660175,0.8346388825325588
NLVPMVATV,0.5051901227575997,0.015334513737341538,0.50655717344541,0.5157657321986577,0.49663174210471406
GLCTLVAML,0.745483918484203,0.016289421954431168,0.748095466884949,0.7564248952580932,0.7353168553899325
YLQPRTFLL,0.6400403536405495,0.03576545505063467,0.6449376172267645,0.6643607751905851,0.6170562135798248
LLWNGPMAV,0.6717888993346978,0.016675753622988735,0.6710021227932672,0.6830458174558153,0.6607574904133533
CINGVCWTV,0.6526126628000009,0.01642479236648362,0.6521427949924343,0.665526509580715,0.6398170018696666
TFEYVSQPFLMDLE,0.9540191756401916,0.00415712013052875,0.9539076389390765,0.9573214328732145,0.9517373708173738
TTDPSFLGRY,0.5539027457427491,0.01027369388935271,0.5546393196577841,0.5599744299128102,0.5477100407321981
SPRWYFYYL,0.5631442472716971,0.013177765191569248,0.5631587836917495,0.5734506017794584,0.5529541405368886
