epitope,mean_avg_rank,std_avg_rank,median_avg_rank,upper_quartile_avg_rank,lower_quartile_avg_rank
GILGFVFTL,1.7092184724689168,0.060446789913716575,1.7095914742451155,1.7464476021314388,1.6660746003552398
NLVPMVATV,2.3125388601036274,0.11681583577712573,2.305699481865285,2.393782383419689,2.2370466321243523
SPRWYFYYL,2.2255757575757578,0.1036579102180848,2.2303030303030305,2.2742424242424244,2.1636363636363636
TFEYVSQPFLMDLE,1.1867980295566503,0.04666915103239397,1.187192118226601,1.2118226600985222,1.1576354679802956
TTDPSFLGRY,2.45,0.11305131661787894,2.4592391304347823,2.528532608695652,2.373641304347826
YLQPRTFLL,2.28,0.1010026234814721,2.293388429752066,2.3605371900826446,2.206611570247934
