epitope,mean_avg_rank,std_avg_rank,median_avg_rank,upper_quartile_avg_rank,lower_quartile_avg_rank
CINGVCWTV,3.1677862595419852,0.27025052745640804,3.16793893129771,3.3625954198473282,3.0038167938931295
GILGFVFTL,2.3520814479638004,0.06451530859545883,2.3514328808446456,2.3974358974358974,2.3122171945701355
GLCTLVAML,3.2842553191489356,0.3103883187315686,3.2375886524822697,3.50531914893617,3.0726950354609928
LLWNGPMAV,2.258057553956834,0.18685284258848273,2.237410071942446,2.3615107913669062,2.143884892086331
NLVPMVATV,3.533242320819113,0.34790199779185016,3.5,3.7994880546075085,3.2926621160409555
SPRWYFYYL,3.3254716981132075,0.33201430611647165,3.288679245283019,3.468867924528302,3.068867924528302
TFEYVSQPFLMDLE,1.1383498349834984,0.02916147413645007,1.1353135313531353,1.1584158415841583,1.1212871287128714
TTDPSFLGRY,2.960457746478873,0.33119219486050777,2.998239436619718,3.14612676056338,2.716549295774648
YLQPRTFLL,3.6656140350877195,0.19795149739680531,3.662280701754386,3.834795321637427,3.5380116959064325
