epitope,mean_avg_rank,std_avg_rank,median_avg_rank,upper_quartile_avg_rank,lower_quartile_avg_rank
CINGVCWTV,4.21710407239819,0.5042953356407596,4.1968325791855206,4.520361990950226,3.910633484162896
GILGFVFTL,2.906918990703851,0.27419500666922547,2.907702523240372,3.0810092961487383,2.732403718459495
GLCTLVAML,3.8175324675324673,0.6490519875939457,3.7554112554112553,4.096320346320346,3.4264069264069263
KTFPPTEPK,5.669532710280375,0.7502717590739844,5.598130841121495,6.0046728971962615,5.128504672897196
LLWNGPMAV,3.6611790393013104,0.5661326070739585,3.6200873362445414,3.955240174672489,3.2314410480349345
LTDEMIAQY,5.361913043478262,0.6189151799721833,5.373913043478261,5.843478260869565,4.921739130434783
NLVPMVATV,5.358981723237598,0.5911758197691085,5.357702349869452,5.70757180156658,4.991514360313316
QYIKWPWYI,5.207304347826087,0.5482809981478993,5.195652173913043,5.591304347826087,4.8
SPRWYFYYL,5.0705633802816905,0.6362446077981267,5.038028169014085,5.528169014084507,4.555633802816901
TFEYVSQPFLMDLE,1.4622137404580149,0.09476065774848881,1.4478371501272265,1.5216284987277353,1.3969465648854962
TTDPSFLGRY,5.0874064171123,0.6370447187753621,5.037433155080214,5.432486631016043,4.692513368983958
YLQPRTFLL,4.136990740740741,0.4310365915970597,4.181712962962964,4.388310185185185,3.8715277777777777
