epitope,mean_auc,std_auc,median_auc,upper_quartile_auc,lower_quartile_auc
GILGFVFTL,0.8385773751107587,0.014222764775175456,0.8419583222303824,0.8489504732565117,0.8282138439174244
NLVPMVATV,0.5369321680899664,0.046782460650440165,0.5394016441105043,0.5763074783084587,0.5074203503331167
GLCTLVAML,0.7363343458882906,0.05572811827817461,0.738480829643361,0.7769117556544376,0.7104563497092072
YLQPRTFLL,0.6518900401435104,0.07263459485572542,0.6664875522303166,0.7017792489772703,0.6167060444969482
LLWNGPMAV,0.6743689293218849,0.05325600330878938,0.6762146831475603,0.7135403422149923,0.6331619176012099
CINGVCWTV,0.6551721457172079,0.03770862712251442,0.659996955733599,0.6855411183527751,0.6316263112674338
QYIKWPWYI,0.6183994880766477,0.0364635087732747,0.6230388991299651,0.6457414082588735,0.5988869189493831
TFEYVSQPFLMDLE,0.9524645456065081,0.005598326178445555,0.9520098066529226,0.9553741572407644,0.9489833026875428
LTDEMIAQY,0.5560730077845226,0.036174606076572614,0.5579800162030786,0.5788590919231176,0.5307699984736229
TTDPSFLGRY,0.5372038793344388,0.03604874721559946,0.5386466116380033,0.5583590697919967,0.51499779512692
SPRWYFYYL,0.5599768172999882,0.04060456298435882,0.5645015922854482,0.5870374136241068,0.5352759351372457
KTFPPTEPK,0.5056497354417405,0.031082528420063937,0.5068072439350555,0.5266308549727131,0.4838129632287944
