epitope,mean_auc,std_auc,median_auc,upper_quartile_auc,lower_quartile_auc
GILGFVFTL,0.8282879488029394,0.01480273206289719,0.8307728303750739,0.8379980892092316,0.8231268509431551
NLVPMVATV,0.5057797857259587,0.033882373322369534,0.5068523607009703,0.5284898392754664,0.4850694167322258
GLCTLVAML,0.6916777275322022,0.07335913598946832,0.7127970533323196,0.7466075184921017,0.6439122396050191
YLQPRTFLL,0.6053715599089934,0.10339292036921624,0.6282107288180088,0.6893967671895167,0.538290154448601
LLWNGPMAV,0.649085025691067,0.0571559104197692,0.6551781827296166,0.6947763727352256,0.6124822206621153
CINGVCWTV,0.6384786844743671,0.045403481984169713,0.6406180615570793,0.6677614075077648,0.6133552092807355
QYIKWPWYI,0.5939947398701406,0.03208251922748942,0.5944298982023977,0.6195411476006529,0.5731827308058096
TFEYVSQPFLMDLE,0.9521526791850079,0.0033678092712019166,0.9518645641797144,0.954288181868836,0.9493930276183576
LTDEMIAQY,0.5373089974051591,0.022648651380881835,0.5364064389625334,0.5562522748887505,0.519773039486198
TTDPSFLGRY,0.5482723189053893,0.023317099023668478,0.550492369896961,0.5622909640574634,0.5320568360381847
SPRWYFYYL,0.5580695643685967,0.03149844462001017,0.5579652910242279,0.5771764284813705,0.5372139275154246
KTFPPTEPK,0.5009896317338955,0.023075616699371377,0.500765594582411,0.5171377339911403,0.4821816675355157
