epitope,mean_auc,std_auc,median_auc,upper_quartile_auc,lower_quartile_auc
GILGFVFTL,0.8667672968045292,0.006957522057697686,0.8655033352279298,0.8709354139447222,0.8622047074570824
NLVPMVATV,0.6224735482460716,0.027567507518505625,0.6265059043871808,0.6411954583165667,0.6004907074831959
GLCTLVAML,0.859626418884585,0.019089368769063343,0.8612844452089599,0.8711793177490821,0.8489269762558649
YLQPRTFLL,0.6873941979875857,0.022887086306508774,0.6859846875507334,0.7002276314925925,0.6703337271116362
LLWNGPMAV,0.7326972704366461,0.02478841618798086,0.7340554973129325,0.7489907210481266,0.7160839174856827
CINGVCWTV,0.7320945890022856,0.023876753561742847,0.7328053275948787,0.7475644992540433,0.7175267451459763
TFEYVSQPFLMDLE,0.9616182409481823,0.004105466092365424,0.9618650478186505,0.9645510828455108,0.9592715183927152
TTDPSFLGRY,0.554342794572312,0.021229037053978536,0.550651980991641,0.5699578568974825,0.5390247992017144
SPRWYFYYL,0.6223105606982712,0.021750448181923572,0.6230098235252453,0.6367461411471131,0.6071913871166346
