epitope,mean_auc,std_auc,median_auc,upper_quartile_auc,lower_quartile_auc
GILGFVFTL,0.8738782680756491,0.007205937793698721,0.8736696617688391,0.8784229497651534,0.869113189943179
NLVPMVATV,0.6359388495448409,0.029601783317553525,0.6312294952146074,0.6611623337933947,0.6147036752117414
YLQPRTFLL,0.6885966156219339,0.018517572492834873,0.6871689699443015,0.7013538366536004,0.6749181120120282
TFEYVSQPFLMDLE,0.9633865161267126,0.006059455341091865,0.9629571033044478,0.9676009492646794,0.9592060695408292
TTDPSFLGRY,0.5687215952128465,0.019528016932045787,0.5688476809069332,0.5823048433318184,0.5547107761450286
SPRWYFYYL,0.6472179840565634,0.022355060913307245,0.6510102468520027,0.6636604275501186,0.6339519946796874
