epitope,mean_avg_rank,std_avg_rank,median_avg_rank,upper_quartile_avg_rank,lower_quartile_avg_rank
CINGVCWTV,2.7090839694656488,0.1605955025765595,2.698473282442748,2.7900763358778624,2.6030534351145036
GILGFVFTL,2.138325791855203,0.10345397279438145,2.1493212669683257,2.214555052790347,2.0674962292609353
GLCTLVAML,2.0470921985815598,0.18190769067625107,2.0177304964539005,2.1560283687943262,1.898936170212766
LLWNGPMAV,2.6448201438848917,0.18276682135454478,2.633093525179856,2.7805755395683454,2.5071942446043165
NLVPMVATV,3.307986348122867,0.17853262873002357,3.2935153583617747,3.41382252559727,3.1902730375426622
SPRWYFYYL,3.273320754716981,0.15855906426342378,3.260377358490566,3.392452830188679,3.1613207547169813
TFEYVSQPFLMDLE,1.279075907590759,0.045511826381225876,1.273927392739274,1.3135313531353134,1.2409240924092408
TTDPSFLGRY,3.4885563380281686,0.1703980710819425,3.501760563380282,3.584507042253521,3.374119718309859
YLQPRTFLL,3.067134502923976,0.14466677966369737,3.0497076023391814,3.158625730994152,2.970029239766082
