epitope,mean_auc,std_auc,median_auc,upper_quartile_auc,lower_quartile_auc
GILGFVFTL,0.8782463762766995,0.007602219671700356,0.8780256336440964,0.8823060683678666,0.8727374950482139
NLVPMVATV,0.6449728502516257,0.031196364019130538,0.6516279913160548,0.6651349290330915,0.624183644574273
GLCTLVAML,0.8784112051596883,0.01950075080630376,0.8804805374806975,0.8920510828108595,0.8662738968734616
YLQPRTFLL,0.7313614409867948,0.027134617552407786,0.7306092251202924,0.7528922411857563,0.7126881025412517
LLWNGPMAV,0.7887475118818292,0.02404044397671,0.7898725321776572,0.8073194272667684,0.771057046811701
CINGVCWTV,0.795933623651601,0.022765494957888932,0.7973571063248212,0.813683795020023,0.7788113822587523
TFEYVSQPFLMDLE,0.9680675531786754,0.00414037440084848,0.9683380308833803,0.9707320951073208,0.9655946616559465
TTDPSFLGRY,0.6081233386088892,0.023332316123631274,0.6077041517397066,0.6249065786998413,0.5896567157007084
SPRWYFYYL,0.6744406910792803,0.022269247825047387,0.67631974675682,0.6906647905894661,0.6586943374432682
