epitope,mean_avg_rank,std_avg_rank,median_avg_rank,upper_quartile_avg_rank,lower_quartile_avg_rank
CINGVCWTV,4.402126696832579,1.1268036175749545,4.217194570135747,5.175339366515837,3.6221719457013575
GILGFVFTL,2.589203187250996,0.3950703202982491,2.5610889774236387,2.8217131474103585,2.3476095617529884
GLCTLVAML,4.720519480519481,1.045707052761025,4.658008658008658,5.363636363636363,3.91991341991342
KTFPPTEPK,6.348317757009346,1.6844429306817525,6.11214953271028,7.177570093457944,5.119158878504673
LLWNGPMAV,4.28170305676856,0.9698094185697119,4.157205240174672,4.9115720524017465,3.5862445414847164
LTDEMIAQY,5.686173913043478,1.6044517911406744,5.643478260869566,6.5630434782608695,4.5804347826086955
NLVPMVATV,6.5695039164490865,1.5215154759571878,6.5,7.7441253263707575,5.4751958224543085
QYIKWPWYI,4.535304347826087,1.3447377352329881,4.291304347826086,5.247826086956522,3.7282608695652173
SPRWYFYYL,5.536225352112677,1.8145010684360818,5.594366197183098,6.909859154929578,3.9359154929577467
TFEYVSQPFLMDLE,1.0927480916030534,0.040013683406953486,1.083969465648855,1.1100508905852418,1.0661577608142494
TTDPSFLGRY,5.314679144385028,1.44193439412583,5.406417112299465,6.253342245989304,4.36096256684492
YLQPRTFLL,5.928402777777778,0.8873534708125425,6.06712962962963,6.519097222222221,5.287037037037036
