epitope,mean_auc,std_auc,median_auc,upper_quartile_auc,lower_quartile_auc
GILGFVFTL,0.722797946928888,0.1905433937888486,0.8292546017392198,0.8485365206184463,0.6661667801312764
NLVPMVATV,0.5428362086748318,0.04732358158438214,0.5461968630246858,0.5829382407985029,0.5111127201972492
GLCTLVAML,0.5703861623212145,0.11286506260101949,0.5775026716847877,0.6738343323111236,0.4850966452931884
YLQPRTFLL,0.5943069005208215,0.15819704335023488,0.614284441872831,0.7473548042962016,0.4492401853436787
LLWNGPMAV,0.6459727321984402,0.10718251638354014,0.6676949408908172,0.7320582732953866,0.571942513422198
CINGVCWTV,0.6029703920718171,0.1357270681998381,0.6099333986051177,0.719730814325948,0.49572167627612385
QYIKWPWYI,0.5608835991741656,0.06594163915608788,0.5791402785884157,0.6121605847046423,0.5060129973081983
TFEYVSQPFLMDLE,0.9242007176268411,0.09046135836076957,0.9527007299270073,0.9603322802048153,0.9368024839307114
LTDEMIAQY,0.5473580444800639,0.04727926666038348,0.5524008432569931,0.5837453067695765,0.5131911353479742
TTDPSFLGRY,0.5620458583449831,0.04159192152694764,0.5650853794998225,0.590856918453556,0.5356558156918757
SPRWYFYYL,0.5656856363625378,0.06870047802943309,0.5753467583528225,0.618628880504422,0.5230545515702893
KTFPPTEPK,0.5272193420870699,0.04006735468716854,0.5313118501379868,0.5580438863026046,0.49952610598500263
