epitope,mean_auc,std_auc,median_auc,upper_quartile_auc,lower_quartile_auc
GILGFVFTL,0.8551957628972963,0.015230529893294101,0.8571759725643375,0.866085576129414,0.8457061368446822
NLVPMVATV,0.5866408800513833,0.044940956298630666,0.5919136062876016,0.6212854542206817,0.5598165862853972
GLCTLVAML,0.7465346000528605,0.05873484112840868,0.7504202887531575,0.7925345493647695,0.7140027057785631
YLQPRTFLL,0.7151524010905471,0.06139192167027735,0.7276939289777078,0.7458778897584827,0.7013186445822668
LLWNGPMAV,0.7475311206853545,0.03521062277978328,0.7560230738999928,0.7741940439065996,0.7221711537315013
CINGVCWTV,0.7197577858371166,0.04588414103048143,0.7228755234691554,0.7480070747744789,0.7011467575417926
QYIKWPWYI,0.6048862966572345,0.047460713456288446,0.6147571299416454,0.6405573037137926,0.5716413836020149
TFEYVSQPFLMDLE,0.9611676529039208,0.006394321649784332,0.9607971620140785,0.9651479355881206,0.9577789231254992
LTDEMIAQY,0.5864442813699821,0.04392317532474791,0.586024844720497,0.6190019255832522,0.5539797344104076
TTDPSFLGRY,0.5757454994192799,0.04320468617432345,0.5800539728086357,0.6061226181159824,0.5506508451495897
SPRWYFYYL,0.6168803081265531,0.04459771760175313,0.6253130681286682,0.6522942738730971,0.5864330365676589
KTFPPTEPK,0.5480860009519563,0.04501670552061263,0.5552499892967864,0.5799105085411644,0.5350920602301317
