epitope,mean_auc,std_auc,median_auc,upper_quartile_auc,lower_quartile_auc
GILGFVFTL,0.8592224537043743,0.004615394929590229,0.859119752896827,0.8617705776847986,0.8563877966730317
NLVPMVATV,0.6181584195005695,0.013732174815291672,0.6174698886048073,0.628507402463214,0.6089670490455612
YLQPRTFLL,0.7550047900201606,0.010577221673558802,0.7556662582437162,0.76090248251185,0.7494139089981597
TFEYVSQPFLMDLE,0.96444212721585,0.00582562966213374,0.9645816403581318,0.9682524900219338,0.9604113480277587
TTDPSFLGRY,0.620007519378377,0.016885203932276,0.6193383736050093,0.6295439769226885,0.6100160802656163
SPRWYFYYL,0.6310194873948844,0.014755806362357597,0.6326026654065927,0.6427937328818067,0.6210541744327479
