epitope,mean_auc,std_auc,median_auc,upper_quartile_auc,lower_quartile_auc
GILGFVFTL,0.8738778102625472,0.007206142025519007,0.8736699515239671,0.8784232395202815,0.8691121033614493
NLVPMVATV,0.6359394755300134,0.02960199300355309,0.6312283639161029,0.6611659162386587,0.6147044294107442
YLQPRTFLL,0.6885967376606642,0.018517568482013646,0.6871689699443015,0.7013538366536004,0.6749181120120281
TFEYVSQPFLMDLE,0.9633865161267126,0.006059455341091874,0.962957103304448,0.9676009492646795,0.9592060695408292
TTDPSFLGRY,0.5687215320910973,0.019528007290628275,0.5688476809069333,0.5823048433318184,0.5547107761450286
SPRWYFYYL,0.6472179140524507,0.022355093985228825,0.6510102468520025,0.6636604275501186,0.6339519946796874
