epitope,mean_auc,std_auc,median_auc,upper_quartile_auc,lower_quartile_auc
GILGFVFTL,0.837864556862995,0.004213695030151863,0.8378339065655616,0.8405147210092752,0.8354524091690113
NLVPMVATV,0.5102224359119397,0.016434589371830496,0.5118948495750089,0.521405110452444,0.4977106289265486
YLQPRTFLL,0.6381711886084167,0.028951525973887754,0.6437048761795043,0.6574266059076509,0.6284128130903623
TFEYVSQPFLMDLE,0.9548001294451838,0.006348142608944755,0.9545050519578584,0.9595027147531552,0.9496062709000036
TTDPSFLGRY,0.557009102156239,0.016195288008695945,0.557216709589456,0.5662652123415644,0.5443611763369186
SPRWYFYYL,0.563470943917955,0.018238398655016873,0.5651738289624515,0.5748142703383824,0.5513453915417531
