epitope,mean_auc,std_auc,median_auc,upper_quartile_auc,lower_quartile_auc
GILGFVFTL,0.8378647654866873,0.004213688399675751,0.8378341963206892,0.8405150107644029,0.8354526989241391
NLVPMVATV,0.5102220512704482,0.016434527056503452,0.5118948495750089,0.521404356253441,0.4977098747275456
YLQPRTFLL,0.6381711764045438,0.028951532845412218,0.6437048761795043,0.6574266059076509,0.6284128130903623
TFEYVSQPFLMDLE,0.9548001150623855,0.006348123624422469,0.9545050519578584,0.9595027147531552,0.9496062709000037
TTDPSFLGRY,0.557009102156239,0.016195358980527815,0.5572167095894561,0.5662652123415644,0.5443611763369186
SPRWYFYYL,0.5634710664251524,0.018238436389726984,0.5651755790652702,0.5748142703383824,0.5513458290674577
