epitope,mean_auc,std_auc,median_auc,upper_quartile_auc,lower_quartile_auc
GILGFVFTL,0.8516057055085802,0.014743083951296766,0.8550084599069736,0.8611692977952248,0.846005970679544
NLVPMVATV,0.5961740758054279,0.0291432406177615,0.598660312175767,0.6170641073878558,0.5794991657830427
GLCTLVAML,0.6995124891835235,0.04681959978860021,0.7093460391481021,0.7330659536541889,0.672174621679779
YLQPRTFLL,0.7150061562041959,0.08066480661821163,0.744525045940802,0.7669824584071667,0.6949311981798691
LLWNGPMAV,0.7379118509857265,0.03755851771091842,0.7452827720801429,0.7692346884767989,0.7084387825001429
CINGVCWTV,0.6978448229230745,0.06443385403903495,0.7124033099478324,0.7463160602664111,0.6701999655318598
QYIKWPWYI,0.6079026406321549,0.0379357568999289,0.6102531437494862,0.6367475255081074,0.58454983620801
TFEYVSQPFLMDLE,0.9627017960290485,0.004055058792090017,0.962716517152356,0.9656458832488253,0.9597639345480211
LTDEMIAQY,0.5793940518263687,0.025338758653575395,0.5792882386783924,0.5981307752820862,0.562075990090291
TTDPSFLGRY,0.6025362212512498,0.023827120191792065,0.602154914072059,0.6157540898842907,0.5878345933717168
SPRWYFYYL,0.612967031760299,0.03589116434381913,0.6178553562204878,0.6410243296335913,0.5946436778336783
KTFPPTEPK,0.5480439436179885,0.02131406044780788,0.5522971615077176,0.5623946992648781,0.5373765667616105
