epitope,mean_auc,std_auc,median_auc,upper_quartile_auc,lower_quartile_auc
GILGFVFTL,0.726618312600474,0.14602792158894906,0.8048485782670316,0.8303108930307039,0.6555456363223765
NLVPMVATV,0.48513080254602586,0.053672676095821825,0.48223160443216584,0.5259591391141609,0.4456744051332323
GLCTLVAML,0.5521946808457312,0.12480993298982514,0.5479189898708299,0.6844432441222934,0.4449905910231391
YLQPRTFLL,0.5241793492958696,0.16007906231300736,0.5164348866146183,0.6858866306908666,0.3821804268074625
LLWNGPMAV,0.5776210627762602,0.11823419588892647,0.6013893994488293,0.6784929909550892,0.47332301546977107
CINGVCWTV,0.5873015925342141,0.09386385924352172,0.5914312651847554,0.6691893002622958,0.5165808463574718
QYIKWPWYI,0.5617505771257829,0.06888862811077077,0.5679418605664108,0.6225031143013947,0.5037545843387663
TFEYVSQPFLMDLE,0.9180469102207713,0.06244850513010477,0.9351730399099394,0.9463427388604423,0.9242619021679921
LTDEMIAQY,0.5235597118291185,0.04163921049181576,0.5300693422072774,0.549356232522889,0.4964109309801121
TTDPSFLGRY,0.5335410985503225,0.041589413074590104,0.5314672962097021,0.5619732959731687,0.5053889080946012
SPRWYFYYL,0.5332299030602822,0.05684957685527789,0.5351280253099485,0.5766390698530461,0.4922508908936861
KTFPPTEPK,0.502159088770189,0.04305215904648487,0.5060398256813388,0.5291421589124596,0.46994489820570723
