epitope,mean_avg_rank,std_avg_rank,median_avg_rank,upper_quartile_avg_rank,lower_quartile_avg_rank
CINGVCWTV,2.4664885496183206,0.18187139446772188,2.4427480916030535,2.618320610687023,2.33587786259542
GILGFVFTL,2.1358672699849173,0.09133366565892093,2.138763197586727,2.188536953242836,2.0708898944193064
GLCTLVAML,2.0824822695035463,0.1857171928241361,2.0851063829787235,2.2127659574468086,1.948581560283688
LLWNGPMAV,2.324820143884892,0.15988510638559011,2.3309352517985613,2.4406474820143886,2.223021582733813
NLVPMVATV,3.2743686006825943,0.17059241058915237,3.273037542662116,3.3762798634812285,3.159556313993174
SPRWYFYYL,3.372301886792453,0.16350052882577562,3.3811320754716983,3.4933962264150944,3.2745283018867926
TFEYVSQPFLMDLE,1.3123432343234325,0.0640340916073145,1.3118811881188117,1.3506600660066006,1.2698019801980198
TTDPSFLGRY,3.339014084507042,0.1597280904673575,3.3257042253521125,3.455105633802817,3.220950704225352
YLQPRTFLL,3.0133625730994154,0.15348969806313137,3.002923976608187,3.132309941520468,2.9115497076023393
