epitope,mean_avg_rank,std_avg_rank,median_avg_rank,upper_quartile_avg_rank,lower_quartile_avg_rank
CINGVCWTV,4.330950226244344,0.7590262776977241,4.334841628959276,4.846153846153846,3.73868778280543
GILGFVFTL,2.116746347941567,0.2759232592018991,2.0843293492695882,2.3193891102257638,1.8894422310756973
GLCTLVAML,4.969437229437229,0.7975522465815318,5.01948051948052,5.472943722943723,4.475108225108225
KTFPPTEPK,6.42878504672897,1.0163999603394873,6.336448598130842,7.151869158878505,5.77803738317757
LLWNGPMAV,2.739213973799127,0.679469830800275,2.589519650655022,2.980349344978166,2.2707423580786026
LTDEMIAQY,5.566956521739129,1.0660486552450206,5.426086956521739,6.304347826086956,4.745652173913044
NLVPMVATV,5.791279373368145,1.1706779762328183,5.771540469973891,6.5437336814621405,4.988250652741515
QYIKWPWYI,5.2702608695652176,1.2191761326174513,5.043478260869565,6.01304347826087,4.3326086956521745
SPRWYFYYL,5.681830985915493,1.0797623942378782,5.566197183098591,6.426056338028169,4.964084507042253
TFEYVSQPFLMDLE,1.260381679389313,0.05248156218277526,1.2557251908396947,1.2926208651399491,1.2232824427480917
TTDPSFLGRY,5.2597860962566845,1.2541851765095053,5.012032085561497,6.2921122994652405,4.337566844919786
YLQPRTFLL,5.137962962962963,0.5871576944001318,5.230324074074074,5.47337962962963,4.778356481481482
