epitope,mean_avg_rank,std_avg_rank,median_avg_rank,upper_quartile_avg_rank,lower_quartile_avg_rank
CINGVCWTV,4.232669683257919,0.5234698378678845,4.230769230769231,4.588235294117647,3.8846153846153846
GILGFVFTL,2.6449535192563083,0.18708792452846246,2.6208499335989375,2.7765604249667994,2.5172642762284196
GLCTLVAML,3.9584415584415593,0.6864089249100518,3.826839826839827,4.443722943722944,3.4448051948051948
KTFPPTEPK,6.086915887850469,0.6552308388493552,6.018691588785046,6.485981308411215,5.644859813084112
LLWNGPMAV,3.31414847161572,0.45010622113553833,3.2685589519650655,3.569868995633188,3.01528384279476
LTDEMIAQY,5.4915652173913045,0.5939549988363781,5.421739130434783,5.9173913043478255,5.0456521739130435
NLVPMVATV,5.434412532637075,0.5941827700104345,5.4164490861618795,5.894255874673629,5.08289817232376
QYIKWPWYI,5.2368695652173916,0.6109128810265493,5.182608695652174,5.623913043478261,4.789130434782609
SPRWYFYYL,5.451323943661971,0.5103162809531283,5.381690140845071,5.825352112676057,5.108450704225352
TFEYVSQPFLMDLE,1.4985750636132316,0.09033388519224461,1.4872773536895674,1.5413486005089059,1.4446564885496183
TTDPSFLGRY,5.281042780748663,0.6254860439582001,5.144385026737968,5.601604278074866,4.860962566844919
YLQPRTFLL,4.389930555555555,0.3770662631415786,4.398148148148148,4.663773148148148,4.137731481481482
