epitope,mean_auc,std_auc,median_auc,upper_quartile_auc,lower_quartile_auc
GILGFVFTL,0.8333123106941359,0.0044794539509298795,0.8331807814103178,0.836954350067295,0.8306511260546382
NLVPMVATV,0.5263210476375,0.012339214958559509,0.5266286123075548,0.5332580691635493,0.5183909116652012
GLCTLVAML,0.7201120575284667,0.0219984969336462,0.7209426475036924,0.7346646281785881,0.7060341026599204
YLQPRTFLL,0.7207843787456433,0.012113865915434435,0.7219290473673847,0.730125205956415,0.7129995198668062
LLWNGPMAV,0.7722507020853088,0.013105434242954466,0.7723048643837785,0.7812410422734535,0.762815437257327
CINGVCWTV,0.7084325678523453,0.01971683370238787,0.7072804521155245,0.7234869706944081,0.6961624615084241
TFEYVSQPFLMDLE,0.9450705499747055,0.004890731767322466,0.9451181614511817,0.9488138083881381,0.9419151550191516
TTDPSFLGRY,0.566625995812272,0.012158502172760653,0.5672423770263859,0.5757699142006512,0.5589722276749931
SPRWYFYYL,0.5420017652923902,0.016924930743971285,0.5428846185279423,0.5538351522019843,0.5317796217697601
