epitope,mean_avg_rank,std_avg_rank,median_avg_rank,upper_quartile_avg_rank,lower_quartile_avg_rank
GILGFVFTL,1.6837477797513325,0.05427116186218632,1.6847246891651866,1.725133214920071,1.644760213143872
NLVPMVATV,2.336165803108808,0.11353247941677454,2.3290155440414506,2.4145077720207255,2.2629533678756477
SPRWYFYYL,2.305575757575758,0.11284835465279085,2.296969696969697,2.375757575757576,2.2363636363636363
TFEYVSQPFLMDLE,1.2004433497536946,0.05266419961266413,1.1970443349753694,1.227832512315271,1.1625615763546797
TTDPSFLGRY,2.3244021739130436,0.11066075551842788,2.3152173913043477,2.3967391304347827,2.244565217391304
YLQPRTFLL,2.2025619834710746,0.1019279688771612,2.190082644628099,2.277892561983471,2.1270661157024793
