epitope,mean_auc,std_auc,median_auc,upper_quartile_auc,lower_quartile_auc
GILGFVFTL,0.8254411001995284,0.015745826208683922,0.826069728698041,0.8385430545355284,0.8138417509949327
NLVPMVATV,0.53996587881621,0.0394379416291752,0.5459499621846984,0.5705937572447657,0.5123950577871017
GLCTLVAML,0.7185666252713925,0.060834321307728784,0.7293400772631327,0.7618619183994149,0.6836486856698734
YLQPRTFLL,0.6946703679092558,0.060310674785917555,0.7066211497232613,0.7340948773271203,0.684713300682549
LLWNGPMAV,0.7533777152653487,0.037315399949264146,0.7615171782776339,0.7786108937911936,0.7403368005830527
CINGVCWTV,0.6820297960718901,0.04838573137968585,0.6869632436281113,0.7204718738717659,0.6458178446845474
QYIKWPWYI,0.5627289037090961,0.045535662626411635,0.5648839366436145,0.597209078420552,0.5280260423393489
TFEYVSQPFLMDLE,0.9462852473022418,0.007278896686678265,0.9454337772329637,0.9507418138593267,0.9416641592838171
LTDEMIAQY,0.539753713205509,0.03580956333692157,0.5409996595005224,0.5646849205696909,0.5147870704129437
TTDPSFLGRY,0.5406195227536691,0.04038661675767466,0.5403833373704249,0.572351473848963,0.5076122466725049
SPRWYFYYL,0.5415117479349094,0.055253565064183746,0.5525263042302326,0.5775339301183945,0.516988038540222
KTFPPTEPK,0.47659222266714013,0.03786318804132373,0.4816685428770742,0.5026405457883484,0.45520893932411094
