epitope,mean_avg_rank,std_avg_rank,median_avg_rank,upper_quartile_avg_rank,lower_quartile_avg_rank
CINGVCWTV,3.1074045801526724,0.22782200720254075,3.0954198473282446,3.269083969465649,2.954198473282443
GILGFVFTL,1.72579185520362,0.069031182777791,1.7194570135746607,1.7673453996983408,1.6855203619909502
GLCTLVAML,3.598652482269503,0.2841699716863287,3.5886524822695036,3.7872340425531914,3.390070921985816
LLWNGPMAV,1.9115107913669065,0.12175714364619636,1.8920863309352518,2.0,1.8273381294964028
NLVPMVATV,4.174163822525597,0.34984298816341836,4.160409556313994,4.412116040955631,3.9436860068259385
SPRWYFYYL,4.145471698113208,0.3012972427352864,4.137735849056604,4.315094339622641,3.9235849056603773
TFEYVSQPFLMDLE,1.1603960396039603,0.030179528685555995,1.1584158415841583,1.1798679867986799,1.1386138613861385
TTDPSFLGRY,3.287746478873239,0.2603711129237454,3.248239436619718,3.4507042253521125,3.118838028169014
YLQPRTFLL,4.072192982456141,0.15156507984269119,4.071637426900585,4.165204678362573,3.9671052631578947
