epitope,mean_avg_rank,std_avg_rank,median_avg_rank,upper_quartile_avg_rank,lower_quartile_avg_rank
GILGFVFTL,1.548738898756661,0.03816044258024583,1.541740674955595,1.5737122557726466,1.524866785079929
NLVPMVATV,3.161709844559586,0.12401139575545263,3.16839378238342,3.244818652849741,3.0725388601036268
SPRWYFYYL,2.9826060606060607,0.14870522915843737,2.9696969696969697,3.066666666666667,2.896969696969697
TFEYVSQPFLMDLE,1.0949261083743842,0.026717996615637098,1.0985221674876848,1.1133004926108374,1.0738916256157636
TTDPSFLGRY,2.501032608695652,0.10879532115186233,2.4864130434782608,2.561141304347826,2.4347826086956523
YLQPRTFLL,2.986735537190082,0.10113132168186688,2.987603305785124,3.06301652892562,2.9204545454545454
