epitope,mean_auc,std_auc,median_auc,upper_quartile_auc,lower_quartile_auc
GILGFVFTL,0.8249915530916031,0.011424796600292096,0.8249966961951,0.8317344000831909,0.8191531860594599
NLVPMVATV,0.5216353274729117,0.02764093168727433,0.5213004663253789,0.5397261146012671,0.5066456117147624
GLCTLVAML,0.6587202584609888,0.06862564091978372,0.6669321757138875,0.7083926202967185,0.6217027095198269
YLQPRTFLL,0.6731583481000198,0.09438797169656601,0.7045360389184223,0.7329239679726981,0.6540560190654329
LLWNGPMAV,0.7516930431534493,0.033218661557091196,0.7527488772705537,0.7749941901564825,0.7400091984119355
CINGVCWTV,0.6694747382496975,0.06663083014531103,0.6800922588834084,0.718327364306857,0.6494546108685343
QYIKWPWYI,0.5593496694806797,0.04160581245901634,0.5600828940107316,0.5884852469795349,0.525127687304066
TFEYVSQPFLMDLE,0.9432353633847811,0.004654031041646276,0.9422871046228711,0.9462456120800133,0.9400003714641259
LTDEMIAQY,0.5239659735349717,0.026960793149597997,0.525295588770562,0.5419589287181956,0.5082647442144442
TTDPSFLGRY,0.5603452489643308,0.0276249903261378,0.5597730222909563,0.5782223366064829,0.5410442170216202
SPRWYFYYL,0.5336702037230604,0.047258126234073126,0.5348257027001746,0.5691137294456894,0.5036057232799047
KTFPPTEPK,0.47062171820578874,0.027644370650622616,0.4724511870493632,0.48630744162970907,0.45090876580612826
