epitope,mean_auc,std_auc,median_auc,upper_quartile_auc,lower_quartile_auc
GILGFVFTL,0.8528033531896884,0.006921976743571322,0.851830992153418,0.8569152770908841,0.8486609877983067
NLVPMVATV,0.6020010730733117,0.02472264992937845,0.5995476697914959,0.6192189417311256,0.5854014834244948
GLCTLVAML,0.8364227302295326,0.021023239736749553,0.8382120620760153,0.851139457497227,0.8247330292407373
YLQPRTFLL,0.699142072793719,0.028071465044548122,0.6940320998400707,0.7188112040289738,0.6775031260470532
LLWNGPMAV,0.7822250842402144,0.0203954262645191,0.7856018890655099,0.7954315845178414,0.7657400410126065
CINGVCWTV,0.7476618450065469,0.022997884422500663,0.7520198129484494,0.7627239726914075,0.7350856417667819
TFEYVSQPFLMDLE,0.9619867504998675,0.005065550724591143,0.962321794223218,0.9649801257498012,0.9594779696947797
TTDPSFLGRY,0.5524709333235183,0.01809434720526093,0.552006142546335,0.5627131692594592,0.5410501627652091
SPRWYFYYL,0.5878025160864994,0.03836279538480884,0.5813816137169757,0.6174358038346074,0.558552405755725
