epitope,mean_auc,std_auc,median_auc,upper_quartile_auc,lower_quartile_auc
GILGFVFTL,0.7417430830709596,0.0986157040683477,0.7810488411623915,0.8123218284500735,0.7111398697511914
NLVPMVATV,0.5042413205156725,0.042529998047892335,0.5064525591896147,0.5351673202031905,0.4789371862282031
GLCTLVAML,0.5239552039966052,0.11801682747567964,0.5508938528017843,0.6278732227488151,0.4214135535730881
YLQPRTFLL,0.5474720034772053,0.173935970245876,0.5669215510579109,0.7199879656528884,0.3685281062612089
LLWNGPMAV,0.6600294750663555,0.10016622166513604,0.686638210592122,0.741884048130258,0.5987476907731608
CINGVCWTV,0.5840778706935286,0.12933601108052104,0.5837497431434407,0.6991653672746612,0.47333889352237973
QYIKWPWYI,0.5365071912050385,0.06712844217156896,0.5436590210204455,0.5837877745158677,0.4922752258412969
TFEYVSQPFLMDLE,0.9001278262109965,0.09729551124001506,0.9272723971383956,0.9390398373098012,0.912162544939536
LTDEMIAQY,0.51373461796451,0.03850542227048009,0.5164230397323879,0.5433911475438398,0.49301133344367687
TTDPSFLGRY,0.5377408555854255,0.044382979992802815,0.5404468512234545,0.570322094959107,0.5067089849376674
SPRWYFYYL,0.5169461826272178,0.07253381550402759,0.5212148521417941,0.5717244782361732,0.47317323161966535
KTFPPTEPK,0.4879414741288574,0.046194924109477155,0.4864824055231883,0.5235901653053828,0.45811845491967035
