epitope,mean_auc,std_auc,median_auc,upper_quartile_auc,lower_quartile_auc
GILGFVFTL,0.8597608303222946,0.008059414001436895,0.8599048444159841,0.865672709992785,0.8538677963253254
NLVPMVATV,0.6200485854997699,0.02306585744944168,0.6205372159498005,0.6359965985624967,0.6026002896124172
YLQPRTFLL,0.6912273679174824,0.022710450855756042,0.6887164210433823,0.7076897824293518,0.6736065007590809
TFEYVSQPFLMDLE,0.9645193484592428,0.005811021799416616,0.9644406889360325,0.9684214879004711,0.9606741936643775
TTDPSFLGRY,0.5701850729687422,0.018444761064319335,0.5686228096753017,0.5826535909963138,0.559165199085997
SPRWYFYYL,0.6042549374775769,0.03393731388806942,0.600508404868786,0.6282265333088319,0.5792927834510277
