epitope,mean_auc,std_auc,median_auc,upper_quartile_auc,lower_quartile_auc
GILGFVFTL,0.8343110405396398,0.005375671271351175,0.8343892976045943,0.8378828751821836,0.8312206804029916
NLVPMVATV,0.5295369142701992,0.01587061667048704,0.5308772842802302,0.5402267122202865,0.5195786290170523
YLQPRTFLL,0.7210674849770323,0.012119309956876077,0.7220409269085637,0.7306577765519666,0.7129594147998809
TFEYVSQPFLMDLE,0.945335298982417,0.0073804606908467515,0.9452022580993131,0.9501366365826471,0.9407281291575276
TTDPSFLGRY,0.5681309650053021,0.016837715644892948,0.5689936499520274,0.5789219120840277,0.5579169664949755
SPRWYFYYL,0.5441092239169052,0.018308637164265514,0.5442285984301578,0.5559967273077293,0.5309212541236797
