epitope,mean_avg_rank,std_avg_rank,median_avg_rank,upper_quartile_avg_rank,lower_quartile_avg_rank
CINGVCWTV,2.002595419847328,0.13393942813693727,2.0,2.0839694656488548,1.91412213740458
GILGFVFTL,1.8690196078431376,0.07510334487238762,1.8733031674208145,1.920814479638009,1.8190045248868778
GLCTLVAML,1.67354609929078,0.1598609091873398,1.6666666666666667,1.7606382978723405,1.5886524822695036
LLWNGPMAV,2.2027338129496408,0.16122936176734684,2.1906474820143886,2.303956834532374,2.0863309352517985
NLVPMVATV,3.034470989761092,0.14088123713393766,3.0238907849829353,3.1228668941979523,2.9343003412969284
SPRWYFYYL,2.897849056603773,0.11538935897726164,2.8886792452830186,2.9716981132075473,2.8179245283018868
TFEYVSQPFLMDLE,1.2893069306930696,0.05468442706483096,1.2805280528052805,1.3267326732673268,1.2607260726072607
TTDPSFLGRY,3.0531690140845074,0.12750612122642696,3.063380281690141,3.1452464788732395,2.9471830985915495
YLQPRTFLL,2.6910818713450295,0.11742041683714524,2.692982456140351,2.7821637426900585,2.608187134502924
