epitope,mean_avg_rank,std_avg_rank,median_avg_rank,upper_quartile_avg_rank,lower_quartile_avg_rank
CINGVCWTV,2.970381679389313,0.2044128289192486,2.969465648854962,3.1106870229007635,2.816793893129771
GILGFVFTL,1.6877677224736045,0.032505429471976585,1.6885369532428356,1.7092760180995474,1.66289592760181
GLCTLVAML,2.5144680851063828,0.18448284970402468,2.5106382978723403,2.6365248226950353,2.3882978723404253
LLWNGPMAV,2.2939568345323744,0.1362089961681334,2.287769784172662,2.3956834532374103,2.1870503597122304
NLVPMVATV,4.076962457337884,0.11524256057373913,4.066552901023891,4.143344709897611,4.001706484641638
SPRWYFYYL,3.9516226415094335,0.12921581264340312,3.9377358490566037,4.029245283018868,3.8660377358490563
TFEYVSQPFLMDLE,1.1505940594059407,0.027729273950784224,1.1485148514851484,1.1658415841584158,1.1353135313531353
TTDPSFLGRY,3.471830985915493,0.0910795097037714,3.471830985915493,3.528169014084507,3.410211267605634
YLQPRTFLL,3.006520467836257,0.0667228846273252,3.0160818713450293,3.056286549707602,2.962719298245614
