epitope,mean_auc,std_auc,median_auc,upper_quartile_auc,lower_quartile_auc
GILGFVFTL,0.8053032717184504,0.1535963271277551,0.874013821273972,0.8926778932405064,0.8214360337910452
NLVPMVATV,0.5124434552202383,0.0530197073582751,0.5148404776757864,0.5482748121082495,0.4801569972967353
GLCTLVAML,0.6249297351238778,0.14398293752710625,0.7030242310194221,0.7300024393643714,0.4978167688876499
YLQPRTFLL,0.5971871551110334,0.1275824667334107,0.6267139066691847,0.7099941669914669,0.5064949980779869
LLWNGPMAV,0.6706038483621448,0.13456251357812332,0.7321964171569993,0.7714848826128389,0.5543233175131296
CINGVCWTV,0.592898750087712,0.127576315234927,0.6382250909574404,0.6993980490988868,0.500424870967352
QYIKWPWYI,0.5290550294878608,0.06409882140505861,0.5305789551627712,0.5785152404763357,0.49585558352861236
TFEYVSQPFLMDLE,0.9343159805471745,0.10358694044076873,0.9620089334350147,0.9657308348767113,0.9556683734611613
LTDEMIAQY,0.5114927216816357,0.06042040689141726,0.5164687742283937,0.5581655675868737,0.47544928697742894
TTDPSFLGRY,0.5451013915517862,0.07448257849189317,0.5487080873233201,0.6012319832728353,0.4944077261548446
SPRWYFYYL,0.5234752132704656,0.06044579904794599,0.5271099821345273,0.5661316015777466,0.4839202812780636
KTFPPTEPK,0.49493687091601957,0.0387669656583599,0.49618097176149195,0.52435443555506,0.4677450078517734
