epitope,mean_avg_rank,std_avg_rank,median_avg_rank,upper_quartile_avg_rank,lower_quartile_avg_rank
GILGFVFTL,1.5528419182948492,0.048075884745292376,1.5497335701598578,1.580817051509769,1.5204262877442274
NLVPMVATV,2.181813471502591,0.08932106003148452,2.173575129533679,2.233160621761658,2.123056994818653
SPRWYFYYL,2.0679999999999996,0.08780385520045485,2.0606060606060606,2.1333333333333333,2.012121212121212
TFEYVSQPFLMDLE,1.1789162561576354,0.05263739850912414,1.1822660098522169,1.2167487684729064,1.1379310344827587
TTDPSFLGRY,2.2164673913043473,0.093620515495003,2.217391304347826,2.2853260869565215,2.154891304347826
YLQPRTFLL,2.0557438016528926,0.08966179462556548,2.053719008264463,2.1136363636363638,1.9958677685950412
