epitope,mean_auc,std_auc,median_auc,upper_quartile_auc,lower_quartile_auc
GILGFVFTL,0.9010337656457992,0.006571266938768492,0.9010951751763574,0.9063484974865841,0.896239226020437
NLVPMVATV,0.6510258332463945,0.032123071743007034,0.6591481983794606,0.6765509883700711,0.6337626868563423
GLCTLVAML,0.9323596339816557,0.015656001401960915,0.9326508056081161,0.9424720276332779,0.9229331391727811
YLQPRTFLL,0.7380704776807151,0.021318357148438168,0.7363416786699966,0.7536351091353111,0.7234314065830061
LLWNGPMAV,0.8197079806202406,0.02772336234587622,0.8188820356364672,0.842636172477454,0.7961221438007019
CINGVCWTV,0.8623489782622071,0.013414529798209012,0.8627869492600916,0.8720580869978587,0.8532110091743119
TFEYVSQPFLMDLE,0.9696123051721228,0.004554422172721408,0.9695834838958348,0.9725072872250728,0.9669723687697237
TTDPSFLGRY,0.6952360402250903,0.01832988956286876,0.6928931311445912,0.706559223225532,0.6806522570381639
SPRWYFYYL,0.7045441459308374,0.019457702748410202,0.7065593688534861,0.718282217948229,0.6938340080309906
