epitope,mean_auc,std_auc,median_auc,upper_quartile_auc,lower_quartile_auc
GILGFVFTL,0.9047379947206616,0.007038357746962476,0.9050691210857704,0.9100755101863416,0.9002418006542671
NLVPMVATV,0.656934565694504,0.03355032684334052,0.652436816978528,0.6846066098000618,0.6284187840803673
YLQPRTFLL,0.733110779436962,0.018094939584827135,0.732077392081151,0.7436347649289978,0.721264150390768
TFEYVSQPFLMDLE,0.9707869548020566,0.005485798261580011,0.9704095501779872,0.9749653014994066,0.9665531624177485
TTDPSFLGRY,0.7111978140938241,0.01941824182857054,0.711092542796546,0.7230146631823462,0.69872028543655
SPRWYFYYL,0.7354227285853046,0.018375734072220203,0.7351858171667585,0.747143394674437,0.7231661110090217
