epitope,mean_auc,std_auc,median_auc,upper_quartile_auc,lower_quartile_auc
GILGFVFTL,0.9014910017353099,0.0062861978956180444,0.901858363175899,0.9061743239115319,0.8981105485615991
NLVPMVATV,0.5532889241071599,0.044070062171039204,0.5566469419012546,0.5843874111150384,0.5185536312190968
GLCTLVAML,0.7897176069910947,0.03493382582109142,0.7937833470311866,0.8156513359329083,0.7697927943258304
YLQPRTFLL,0.7236604291089672,0.05616099096802593,0.7341282049178535,0.7573859068386166,0.7041849882960338
LLWNGPMAV,0.8066807846878078,0.019365606572595513,0.8087995707407764,0.8187036809465118,0.7987007851501615
CINGVCWTV,0.7313169597087567,0.04325063666119307,0.736141983578573,0.7612625277223226,0.713181673516266
QYIKWPWYI,0.5911418943512312,0.052479285564765096,0.5945461376792025,0.6319734880061995,0.5528701757681787
TFEYVSQPFLMDLE,0.9698215189168107,0.002170934110944911,0.969904719451719,0.9711383518136736,0.968400846938207
LTDEMIAQY,0.5499263581819677,0.052696748840042364,0.5543331493853397,0.579740868156254,0.5200078667120667
TTDPSFLGRY,0.6334437400237257,0.050290535814515494,0.6432235865521375,0.6645530163284827,0.6084067773450844
SPRWYFYYL,0.5872072980766493,0.047898965448915184,0.5956416523977826,0.6188971542218951,0.5520142512597966
KTFPPTEPK,0.4932048192164239,0.0366472900687659,0.4872568796480279,0.5203864741599236,0.4649224205884501
