epitope,mean_auc,std_auc,median_auc,upper_quartile_auc,lower_quartile_auc
GILGFVFTL,0.8923736050902427,0.011984824668586282,0.8963684143252981,0.8998807380591826,0.8865087772888868
NLVPMVATV,0.5603733073376888,0.040697589581332565,0.5643175573215364,0.5885941258964507,0.5352693247593312
GLCTLVAML,0.8228604979260125,0.04060925972907741,0.8353252546171419,0.8533880161284678,0.7969519561379055
YLQPRTFLL,0.7261683593664543,0.05300664870597873,0.7366296542407735,0.7578656532344512,0.7106375516834023
LLWNGPMAV,0.7984209514516093,0.02760011754921351,0.8019409135872468,0.8166827071072333,0.7915631946717346
CINGVCWTV,0.7634821627374245,0.029268562938813865,0.7665343291355164,0.7847096688165226,0.7412851584465184
QYIKWPWYI,0.5935939132783055,0.04780403015143651,0.5986509175873851,0.6231768601251629,0.557984712747596
TFEYVSQPFLMDLE,0.968159506695641,0.004106813882722025,0.9688560762244387,0.9708207499860702,0.9654809531769469
LTDEMIAQY,0.555210111660346,0.041530890398295134,0.5549695311674436,0.5822347332949782,0.5276192041705314
TTDPSFLGRY,0.6282339510083412,0.03878383580776876,0.6328020676119672,0.6611952430639663,0.5959822399026129
SPRWYFYYL,0.6011007389994021,0.04905359886957971,0.6056887092116662,0.6406553383250702,0.5735662313470776
KTFPPTEPK,0.505923964369631,0.04029947727510409,0.5028369812404143,0.5358658396230453,0.4815218458888326
