epitope,mean_avg_rank,std_avg_rank,median_avg_rank,upper_quartile_avg_rank,lower_quartile_avg_rank
GILGFVFTL,1.4474777975133215,0.02642212186047071,1.4458259325044405,1.4653641207815276,1.4298401420959148
NLVPMVATV,2.964766839378238,0.06641428059757243,2.9637305699481864,3.0012953367875648,2.922279792746114
SPRWYFYYL,2.851515151515151,0.0933667787379474,2.8484848484848486,2.9045454545454543,2.7863636363636366
TFEYVSQPFLMDLE,1.0957142857142856,0.031343794425752906,1.0960591133004927,1.1231527093596059,1.0726600985221675
TTDPSFLGRY,2.524130434782608,0.07931550860633776,2.5217391304347827,2.577445652173913,2.4660326086956523
YLQPRTFLL,2.2507851239669425,0.07586375104146795,2.25,2.303719008264463,2.2097107438016526
