epitope,mean_avg_rank,std_avg_rank,median_avg_rank,upper_quartile_avg_rank,lower_quartile_avg_rank
CINGVCWTV,3.5858371040723984,0.35260655619090087,3.5497737556561084,3.7963800904977374,3.316742081447964
GILGFVFTL,2.275710491367862,0.12186270533349537,2.2715803452855248,2.344289508632138,2.2038512616201857
GLCTLVAML,3.1059740259740267,0.4638250795190438,3.0238095238095237,3.326839826839827,2.772727272727273
KTFPPTEPK,5.8158878504672895,0.3503252048431532,5.827102803738318,6.046728971962617,5.572429906542056
LLWNGPMAV,3.1596069868995635,0.20890564525635233,3.1441048034934496,3.271834061135371,3.0294759825327513
LTDEMIAQY,5.550521739130435,0.420003951732242,5.51304347826087,5.810869565217391,5.269565217391304
NLVPMVATV,5.249347258485639,0.3863307878177825,5.20757180156658,5.52088772845953,4.912532637075717
QYIKWPWYI,5.082608695652173,0.38541559333286063,5.095652173913043,5.3304347826086955,4.854347826086956
SPRWYFYYL,5.099605633802817,0.3484461543419575,5.054929577464788,5.3394366197183105,4.888028169014085
TFEYVSQPFLMDLE,1.396284987277354,0.07321227556813129,1.39058524173028,1.438295165394402,1.3460559796437659
TTDPSFLGRY,4.855401069518717,0.33167792974172183,4.822192513368984,5.04879679144385,4.6189839572192515
YLQPRTFLL,3.874537037037038,0.2990337591793672,3.8287037037037037,4.04224537037037,3.673611111111111
