epitope,mean_auc,std_auc,median_auc,upper_quartile_auc,lower_quartile_auc
GILGFVFTL,0.9056763881609865,0.0037936861427212134,0.9055419407065123,0.9082772951067741,0.9030205895885773
NLVPMVATV,0.5939915495476699,0.02170192250867104,0.5953855363627782,0.6109226194911844,0.578353850892489
GLCTLVAML,0.8162936984817121,0.02415884620143829,0.8171643266563458,0.8306851277366851,0.8011480582956183
YLQPRTFLL,0.7683022196661174,0.010924559578769342,0.7669661454285447,0.7764992936169918,0.7621911517324518
LLWNGPMAV,0.8216081712506839,0.016132717612861402,0.8225473118301124,0.8305779449998096,0.8092833618310145
CINGVCWTV,0.770643485771646,0.02788857210521056,0.7694415617764592,0.7884509886313235,0.7531268105100305
TFEYVSQPFLMDLE,0.9710532822625327,0.003796559117280179,0.9712789381127894,0.9736337356363374,0.9684023511840235
TTDPSFLGRY,0.6988723295054882,0.02021147007788049,0.698315400533281,0.7114212204119024,0.6840675659648952
SPRWYFYYL,0.649786955360986,0.023048990790429616,0.6510692550357144,0.6665229188346891,0.6330627278126175
