epitope,mean_auc,std_auc,median_auc,upper_quartile_auc,lower_quartile_auc
GILGFVFTL,0.9065032293209009,0.004844160809506489,0.9056970204480193,0.9099740958915621,0.90284706144837
NLVPMVATV,0.5973472407629478,0.020298587331010403,0.594861642192909,0.6099369489633534,0.5820798545904322
YLQPRTFLL,0.7700313151381724,0.014418308533831005,0.769629929754507,0.7810591619356319,0.7573281206523703
TFEYVSQPFLMDLE,0.9719290496566105,0.005546235142922657,0.972159936715688,0.9766574377045054,0.9679450577109777
TTDPSFLGRY,0.7053438715093674,0.022124256726719353,0.706098034388729,0.7219490891531587,0.6874909262485481
SPRWYFYYL,0.6610284304202871,0.021602636727378118,0.661999142449619,0.6761058462184653,0.6441087163870877
