epitope,mean_avg_rank,std_avg_rank,median_avg_rank,upper_quartile_avg_rank,lower_quartile_avg_rank
CINGVCWTV,4.01868778280543,0.3277047005995318,3.986425339366516,4.1877828054298645,3.840497737556561
GILGFVFTL,1.979907038512616,0.06794607715173362,1.9767596281540505,2.020252324037185,1.9282868525896415
GLCTLVAML,3.3464502164502163,0.48267348230769963,3.1796536796536796,3.8106060606060606,2.9166666666666665
KTFPPTEPK,6.363271028037384,0.3470214525778173,6.299065420560748,6.607476635514018,6.149532710280374
LLWNGPMAV,2.9872925764192138,0.2654318562051562,2.932314410480349,3.0927947598253276,2.837336244541485
LTDEMIAQY,5.933739130434782,0.4571825941411519,5.947826086956522,6.260869565217392,5.632608695652174
NLVPMVATV,5.7255091383812,0.43275006442564656,5.660574412532638,6.077023498694516,5.4092689295039165
QYIKWPWYI,5.5547826086956515,0.4231951557929018,5.552173913043479,5.884782608695652,5.302173913043478
SPRWYFYYL,5.653915492957748,0.4057171315035601,5.626760563380282,5.965492957746479,5.345774647887324
TFEYVSQPFLMDLE,1.2333842239185753,0.023420950926841735,1.232824427480916,1.2525445292620865,1.215648854961832
TTDPSFLGRY,5.1147593582887705,0.4442229412828145,5.014705882352942,5.348930481283422,4.807486631016042
YLQPRTFLL,3.99662037037037,0.30748939460561003,3.923611111111111,4.152199074074074,3.7685185185185186
