epitope,mean_auc,std_auc,median_auc,upper_quartile,lower_quartile
GILGFVFTL,0.8565545902135479,0.007006064714405268,0.8562649630061586,0.8615717400023128,0.851912373683317
NLVPMVATV,0.5883461704696187,0.02811611294432329,0.5891162545767072,0.6046232817165198,0.5692001877878297
GLCTLVAML,0.8536563081418914,0.01767613088875486,0.8554779176972795,0.8648928261432637,0.8440477532144248
YLQPRTFLL,0.724273491984539,0.023548832682226593,0.7225387128976211,0.7383852671647617,0.7077484948342505
LLWNGPMAV,0.8304806954102362,0.0140870236485557,0.8310760697655305,0.8380598391167257,0.8205918965023022
CINGVCWTV,0.6144217509502193,0.029649248175595843,0.6159601831042407,0.6351436311430009,0.5938990189025205
TFEYVSQPFLMDLE,0.9558298186022982,0.004613933328642919,0.9556866854568669,0.9587503312375032,0.95287899592879
TTDPSFLGRY,0.5660045077374819,0.01550498911464242,0.5655986222211318,0.5755934233449478,0.554997029943891
SPRWYFYYL,0.5791090830831594,0.03180616741862146,0.57993832373501,0.6005880221642267,0.5551212548831583
