epitope,mean_auc,std_auc,median_auc,upper_quantile_0.75,lower_quantile_0.25
GILGFVFTL,0.8287121226892321,0.017735205105999855,0.8288428667060956,0.8423738433974813,0.8148809871985685
NLVPMVATV,0.5227178674450158,0.046095341819839264,0.5239718608548919,0.556695398694897,0.49257451894755644
GLCTLVAML,0.7562796208530805,0.049957651488811275,0.76038080031668,0.7938949815169498,0.7299849927045354
YLQPRTFLL,0.7169441778237186,0.046000121547696636,0.7298045054800814,0.7455501684496073,0.7062845410568571
LLWNGPMAV,0.8002018114544563,0.020586218812949097,0.8018274543394969,0.8141129920268262,0.7885296046507948
CINGVCWTV,0.549733916021018,0.05378955624749899,0.5529746382417726,0.5868845581473753,0.5137460578637049
QYIKWPWYI,0.5268581878382981,0.04358249196717787,0.5368813770268525,0.5586498608648687,0.49347767380150054
TFEYVSQPFLMDLE,0.9429096116342564,0.007613519723278999,0.9436351479355881,0.9472754035029067,0.938821065730577
LTDEMIAQY,0.5514047599478684,0.03657962998085648,0.5546307928941282,0.5767071939320645,0.5241989456257559
TTDPSFLGRY,0.5446220816486239,0.03983799224526875,0.5453386731632786,0.5794292911177776,0.511412450235083
SPRWYFYYL,0.5098537374986273,0.0387521866188773,0.5146923411680013,0.5359591130380318,0.4862542857491469
KTFPPTEPK,0.448530222097981,0.03389659204651895,0.4513154879280341,0.47056616223049935,0.42897662166280087
