epitope,mean_auc,std_auc,median_auc,upper_quantile_0.75,lower_quantile_0.25
GILGFVFTL,0.8262858858419384,0.02058208832629788,0.8310585941367125,0.840370845833674,0.8154906123696342
NLVPMVATV,0.4887362167799636,0.045224956274396114,0.4934068263329282,0.5232576831885232,0.4582628978526088
GLCTLVAML,0.6996048170653916,0.06492877422574368,0.7133581483039034,0.7503899734445951,0.6583661338260101
YLQPRTFLL,0.6648464298410065,0.09549140675692536,0.7018119433770229,0.7350885190196272,0.6255647328277292
LLWNGPMAV,0.7926512456151633,0.030801859485825967,0.8016571289767166,0.812253073851012,0.7798319235174905
CINGVCWTV,0.518441012790895,0.06167527816800352,0.5171676987460052,0.5620193265774576,0.47790808958301045
QYIKWPWYI,0.48887361598703755,0.04644730176171439,0.490381109910883,0.5256613444054371,0.45587108425600864
TFEYVSQPFLMDLE,0.9371013864945164,0.008093146609735705,0.9386342295418699,0.9418227084326743,0.9344046876719364
LTDEMIAQY,0.5201557408407597,0.03131712555671438,0.5271632235124675,0.543701897110451,0.4954507606445225
TTDPSFLGRY,0.5629956308091162,0.02757495793891556,0.5653836813057163,0.5834365682047322,0.5469213024678307
SPRWYFYYL,0.490564407065165,0.03489756781784501,0.491766331376135,0.5146834993743381,0.47163847178105045
KTFPPTEPK,0.4487634734572891,0.023448530028192558,0.4477199782499903,0.464984349135774,0.43403900565885206
