epitope,mean_auc,std_auc,median_auc,upper_quantile_0.75,lower_quantile_0.25
GILGFVFTL,0.8176719623633929,0.029158845676758867,0.8193185682249589,0.8320869937631012,0.8109414209282606
NLVPMVATV,0.5039892142739236,0.04792526754769034,0.5044847986914569,0.5392191509476432,0.4833253612749291
GLCTLVAML,0.7075215762664614,0.07267836988033488,0.7238542075196213,0.7654865675485393,0.6649385374681642
YLQPRTFLL,0.6884468419565826,0.07989675451158437,0.7171524016646821,0.745604883346557,0.6629847663214123
LLWNGPMAV,0.7851059802863927,0.030126238528193412,0.7915231845644217,0.8057344616622967,0.7690649610752703
CINGVCWTV,0.5348662048757445,0.06137607917547779,0.5442099611032793,0.577628911506885,0.49783620076710927
QYIKWPWYI,0.5114025452335944,0.050652612421238065,0.5137017283283823,0.5464431992078496,0.4844571406067153
TFEYVSQPFLMDLE,0.9382594432014086,0.008010790936892154,0.9391844257785277,0.9441372923009207,0.9333055789898397
LTDEMIAQY,0.5290169794761005,0.03685359923087969,0.5327622873345936,0.553520512647403,0.5005935502745522
TTDPSFLGRY,0.5425148397733506,0.04060973304979363,0.5433555815015368,0.5741132526760624,0.5110650927466681
SPRWYFYYL,0.5049109314338884,0.03729945988549599,0.5089297173292264,0.5341540130586838,0.47619748050822985
KTFPPTEPK,0.45591513646687454,0.03728845188881076,0.4556037552450244,0.48044123166647423,0.4307160541055549
