epitope,mean_avg_rank,std_avg_rank,median_avg_rank,upper_quartile_avg_rank,lower_quartile_avg_rank
CINGVCWTV,3.3607692307692303,0.6051561634034627,3.3144796380090495,3.8054298642533935,2.8574660633484164
GILGFVFTL,1.9166401062417002,0.1603519370418167,1.904382470119522,2.0252324037184595,1.8067729083665338
GLCTLVAML,2.05008658008658,0.2064097727439645,2.0303030303030303,2.20021645021645,1.878787878787879
KTFPPTEPK,4.229558247741458,0.45856114563797856,4.2101830422890805,4.511519040605933,3.9355670103092786
LLWNGPMAV,1.6500436681222705,0.3150012765643065,1.6310043668122272,1.8602620087336244,1.4486899563318778
LTDEMIAQY,4.4871304347826095,0.4599613364206717,4.460869565217392,4.802173913043478,4.147826086956521
NLVPMVATV,3.8115404699738904,0.4051565483844631,3.783289817232376,4.075065274151436,3.5554830287206265
QYIKWPWYI,2.9483607461760113,0.32099527887123774,2.945945945945946,3.163328507078507,2.765765765765766
SPRWYFYYL,3.6541471648697343,0.22684009299742258,3.673561292349584,3.8071216617210686,3.5410273865004975
TFEYVSQPFLMDLE,1.9321780916240165,0.1962860070097387,1.9125652121163101,2.034885473176612,1.8085443037974684
TTDPSFLGRY,4.331363636363637,0.3257350140080946,4.327540106951872,4.550133689839573,4.122326203208557
YLQPRTFLL,4.29784200262619,0.3110803853266595,4.323539507485163,4.495283018867925,4.124853286384976
