epitope,mean_avg_rank,std_avg_rank,median_avg_rank,upper_quartile_avg_rank,lower_quartile_avg_rank
CINGVCWTV,4.507194570135747,1.0397861395040184,4.4366515837104075,5.335972850678733,3.7805429864253393
GILGFVFTL,1.7837848605577689,0.26705022698870756,1.7915006640106241,1.9150066401062418,1.6075697211155378
GLCTLVAML,2.0759740259740256,0.2840119659436208,2.0562770562770565,2.2857142857142856,1.8852813852813854
KTFPPTEPK,4.216761612123762,0.6018324216704843,4.198979591836735,4.658163265306122,3.7216494845360826
LLWNGPMAV,1.1941048034934496,0.4137657129076908,1.1069868995633187,1.4115720524017468,0.9279475982532751
LTDEMIAQY,4.242869565217391,0.6986600786377032,4.243478260869566,4.7586956521739125,3.7456521739130437
NLVPMVATV,4.130992167101827,0.8600466751617829,4.0861618798955615,4.701044386422977,3.5345953002610964
QYIKWPWYI,3.0498784182412506,0.4024144644659636,3.054054054054054,3.296875,2.810810810810811
SPRWYFYYL,3.519827944865991,0.32094414556759704,3.5474777448071215,3.714391691394659,3.3256786297473355
TFEYVSQPFLMDLE,1.6556298419766433,0.2290421132442828,1.6560509554140128,1.8001592356687897,1.4968253968253968
TTDPSFLGRY,4.164598930481283,0.49611005348007453,4.1310160427807485,4.508021390374331,3.8663101604278074
YLQPRTFLL,4.210943937096497,0.45234784707040976,4.186320754716981,4.492924528301887,3.911112652608213
