epitope,mean_auc,std_auc,median_auc,upper_quartile_auc,lower_quartile_auc
GILGFVFTL,0.8374446611168901,0.005878943460357815,0.8371037236431492,0.8412577980348807,0.834168504197103
NLVPMVATV,0.505132490138848,0.01336750792882462,0.5047205315594572,0.5149218272733443,0.4959361872223605
YLQPRTFLL,0.7223811403787106,0.009888643303106957,0.7232930442805329,0.7302703035835453,0.7167185127872181
TFEYVSQPFLMDLE,0.9420573082593218,0.00702394861444845,0.9420419977706663,0.947649850778469,0.9376014886196109
TTDPSFLGRY,0.5818655396278342,0.016061714327692846,0.581642459475837,0.5922512529667221,0.5692177321617937
SPRWYFYYL,0.4787307291803393,0.015231766974127614,0.48050779233279955,0.4872354063301219,0.4702093122970975
