epitope,mean_avg_rank,std_avg_rank,median_avg_rank,upper_quartile_avg_rank,lower_quartile_avg_rank
CINGVCWTV,1.1229007633587784,0.15601865776941376,1.133587786259542,1.2309160305343512,1.0
GILGFVFTL,2.2389513797819345,0.0809067333885632,2.235964099612495,2.2993404824745323,2.1865377237060324
GLCTLVAML,1.6184022029871201,0.19408563262702036,1.6268316831683167,1.7506443298969072,1.5025501899077591
LLWNGPMAV,1.1654784273353385,0.16570717980043903,1.1666771653543306,1.2611887466141345,1.0490801411290323
NLVPMVATV,2.688224208037838,0.18961307098477512,2.680922724961871,2.7991178652716826,2.5736189619732786
SPRWYFYYL,1.19641422692098,0.3070950687027079,1.1496163682864449,1.4114693446088795,1.0
TFEYVSQPFLMDLE,1.0717461662627503,0.13449183570244153,1.07124842370744,1.1452409301022553,0.9916464804787689
TTDPSFLGRY,2.3139830896225377,0.2112453148835158,2.3089646464646463,2.441118099658036,2.1620188894718972
YLQPRTFLL,1.8852999643668396,0.18245133590914528,1.8995192307692306,2.0064188128140703,1.7549603174603174
