epitope,mean_avg_rank,std_avg_rank,median_avg_rank,upper_quartile_avg_rank,lower_quartile_avg_rank
GILGFVFTL,1.4596980461811726,0.05250324773856276,1.4538188277087034,1.4884547069271759,1.4298401420959148
NLVPMVATV,2.1208808290155443,0.10109087138923895,2.1191709844559585,2.1917098445595853,2.0466321243523318
SPRWYFYYL,2.2646666666666664,0.10564961060214881,2.2515151515151515,2.340909090909091,2.187878787878788
TFEYVSQPFLMDLE,1.2419704433497538,0.05828766604445405,1.2364532019704433,1.270935960591133,1.2019704433497538
TTDPSFLGRY,2.450163043478261,0.1002568034122113,2.4456521739130435,2.516304347826087,2.3845108695652173
YLQPRTFLL,2.348305785123967,0.09743709649850589,2.3388429752066116,2.409090909090909,2.2923553719008263
