epitope,mean_avg_rank,std_avg_rank,median_avg_rank,upper_quartile_avg_rank,lower_quartile_avg_rank
GILGFVFTL,1.3562344582593253,0.03669071571624609,1.352575488454707,1.3836589698046182,1.3334813499111902
NLVPMVATV,3.474663212435234,0.17909466394897824,3.466321243523316,3.5803108808290154,3.3510362694300517
SPRWYFYYL,3.532666666666667,0.165932033836376,3.548484848484849,3.662121212121212,3.4166666666666665
TFEYVSQPFLMDLE,1.1645320197044335,0.03697535764491665,1.1625615763546797,1.188423645320197,1.1379310344827587
TTDPSFLGRY,2.24679347826087,0.12064995836195315,2.222826086956522,2.3369565217391304,2.1779891304347827
YLQPRTFLL,2.434917355371901,0.09319143817964047,2.4421487603305785,2.5,2.3708677685950414
