epitope,mean_avg_rank,std_avg_rank,median_avg_rank,upper_quartile_avg_rank,lower_quartile_avg_rank
GILGFVFTL,0.8974123245410733,0.06611759864306667,0.8952619788835632,0.9365528264074068,0.8467858818404209
NLVPMVATV,0.7521443015424059,0.10864529480972702,0.7432432432432432,0.8255128629332451,0.6797715053763441
SPRWYFYYL,,,,,
TFEYVSQPFLMDLE,0.6000132133324115,0.1328851850585325,0.5959985959985961,0.6755643262705996,0.5116279069767442
TTDPSFLGRY,,,,,
YLQPRTFLL,1.4985135882491938,0.2818717400974028,1.467436974789916,1.7314102564102565,1.2904040404040404
