epitope,mean_avg_rank,std_avg_rank,median_avg_rank,upper_quartile_avg_rank,lower_quartile_avg_rank
CINGVCWTV,4.338009049773756,0.7296541090510353,4.230769230769231,4.891402714932127,3.6990950226244346
GILGFVFTL,2.1702390438247012,0.17477493203219246,2.152058432934927,2.304116865869854,2.0415006640106244
GLCTLVAML,3.263939393939394,0.5513110508052407,3.2510822510822512,3.5811688311688314,2.8560606060606064
KTFPPTEPK,5.922616822429905,0.6335029753203337,5.929906542056075,6.315420560747663,5.5420560747663545
LLWNGPMAV,2.699126637554585,0.3432911600657927,2.64410480349345,2.9661572052401746,2.4574235807860263
LTDEMIAQY,5.293739130434783,0.6568235183178972,5.252173913043478,5.732608695652174,4.860869565217391
NLVPMVATV,5.664386422976502,0.6382815515405487,5.642297650130549,6.063315926892951,5.240208877284595
QYIKWPWYI,5.566869565217392,0.7794192933091973,5.556521739130435,6.086956521739131,4.945652173913044
SPRWYFYYL,6.280760563380283,0.7844617839121085,6.30281690140845,6.859154929577465,5.853521126760564
TFEYVSQPFLMDLE,1.7047328244274809,0.15119682802877127,1.688295165394402,1.7849872773536894,1.578880407124682
TTDPSFLGRY,5.999491978609626,0.8418800406078562,5.958556149732621,6.529411764705882,5.370989304812834
YLQPRTFLL,4.548865740740741,0.4588051601294604,4.476851851851851,4.810763888888889,4.232060185185185
