epitope,mean_avg_rank,std_avg_rank,median_avg_rank,upper_quartile_avg_rank,lower_quartile_avg_rank
CINGVCWTV,4.716030534351145,0.35294427856604704,4.7748091603053435,4.948473282442748,4.4961832061068705
GILGFVFTL,1.5316742081447965,0.0729527216909023,1.5211161387631975,1.5727752639517345,1.4762443438914028
GLCTLVAML,2.6745390070921986,0.21637109995265913,2.6382978723404253,2.8102836879432624,2.5088652482269502
LLWNGPMAV,1.3666187050359713,0.06078110679242242,1.3741007194244603,1.410071942446043,1.3237410071942446
NLVPMVATV,5.08320819112628,0.4069904779845033,5.087030716723549,5.321672354948805,4.790955631399317
SPRWYFYYL,4.999471698113207,0.3777989957208401,4.992452830188679,5.218867924528302,4.768867924528301
TFEYVSQPFLMDLE,1.2577227722772277,0.0391505814679447,1.2541254125412542,1.2805280528052805,1.2301980198019802
TTDPSFLGRY,3.2345070422535205,0.28550280700368386,3.225352112676056,3.4172535211267605,3.0536971830985915
YLQPRTFLL,3.34593567251462,0.1740125742960325,3.345029239766082,3.4539473684210527,3.2478070175438596
