epitope,mean_auc,std_auc,median_auc,upper_quartile_auc,lower_quartile_auc
GILGFVFTL,0.8314157204786077,0.012893361131879104,0.8327534884930101,0.8412678811670122,0.8237111369638358
NLVPMVATV,0.49853675685331084,0.037114188387259064,0.5019367515325648,0.5243603703239194,0.4681589458842129
GLCTLVAML,0.7206290392072383,0.04605747450996921,0.7283830378338323,0.7516331823552342,0.7022121429355888
YLQPRTFLL,0.6961887387609109,0.06070449954374666,0.7137199265494083,0.739542485670845,0.6670092572083306
LLWNGPMAV,0.8077157337862779,0.014550318427630016,0.8101960624469966,0.8170352520620382,0.8004513427126312
CINGVCWTV,0.5161773826101943,0.05190463803430445,0.5135589361169501,0.5570282613590762,0.4847343248584479
QYIKWPWYI,0.48024217731803814,0.03613667802700765,0.48262572062604936,0.5067225164085525,0.4558248893376698
TFEYVSQPFLMDLE,0.9390794561765199,0.00415567801455788,0.9395525714604112,0.9417978863691239,0.9374871380546423
LTDEMIAQY,0.5260205708649862,0.02453779137928579,0.5273867252169216,0.5410202068827861,0.5106811163686318
TTDPSFLGRY,0.5725783816852684,0.022119434407264525,0.5767967386511145,0.5887284791965566,0.5576511230878161
SPRWYFYYL,0.4822604922053257,0.028377363162783168,0.48196650303205313,0.5018330601570731,0.46525604682091976
KTFPPTEPK,0.44387475225208206,0.017334836321605897,0.4446807546143443,0.45709239014095504,0.4323626148077073
