epitope,mean_auc,std_auc,median_auc,upper_quartile_auc,lower_quartile_auc
GILGFVFTL,0.8643801268547949,0.008268258349540116,0.8647059420084088,0.8694590126883771,0.8591890768111868
NLVPMVATV,0.6054409801570243,0.025022827668961658,0.6070819286376903,0.6230168337217458,0.587333981944476
YLQPRTFLL,0.7225922795858493,0.02171367465969903,0.7199519289441698,0.7363922239361884,0.7059906982079833
TFEYVSQPFLMDLE,0.9571321563410161,0.007510731027317118,0.9566513250152817,0.9620004674409406,0.9517658480457373
TTDPSFLGRY,0.5819382243220724,0.01971279098960611,0.5820511728021006,0.5968788662071404,0.5707064191662878
SPRWYFYYL,0.6088049160388174,0.027325999347048355,0.6055202618153817,0.6292081222271808,0.5882366839051794
