epitope,mean_avg_rank,std_avg_rank,median_avg_rank,upper_quartile_avg_rank,lower_quartile_avg_rank
CINGVCWTV,2.466412213740458,0.1584093621548212,2.4427480916030535,2.549618320610687,2.3587786259541983
GILGFVFTL,1.83079939668175,0.0780048093997294,1.8265460030165912,1.8906485671191553,1.7809200603318251
GLCTLVAML,1.8403546099290782,0.14823032674562356,1.8333333333333335,1.9574468085106382,1.7358156028368794
LLWNGPMAV,1.9771223021582736,0.14694719663340375,1.985611510791367,2.0737410071942444,1.89568345323741
NLVPMVATV,3.3686348122866887,0.1715644325207524,3.372013651877133,3.4436860068259385,3.2832764505119454
SPRWYFYYL,3.7005660377358494,0.2011511017939921,3.6735849056603773,3.8509433962264152,3.5877358490566036
TFEYVSQPFLMDLE,1.404917491749175,0.06797349192087183,1.3976897689768977,1.4570957095709571,1.3556105610561056
TTDPSFLGRY,3.666197183098591,0.15107808701238695,3.6514084507042255,3.7544014084507045,3.5651408450704225
YLQPRTFLL,3.2217836257309944,0.14573574318996427,3.2149122807017543,3.310672514619883,3.133771929824561
