epitope,mean_avg_rank,std_avg_rank,median_avg_rank,upper_quartile_avg_rank,lower_quartile_avg_rank
GILGFVFTL,1.123651800870202,0.06437223987825111,1.1197842026328946,1.16454802259887,1.080336279143314
NLVPMVATV,1.1829703642519167,0.12844888818451272,1.1770967741935483,1.2741121827636785,1.0968120805369128
SPRWYFYYL,,,,,
TFEYVSQPFLMDLE,0.692881981071046,0.13612997184384118,0.7037037037037037,0.7807681525091114,0.5888749804412455
TTDPSFLGRY,,,,,
YLQPRTFLL,1.7609370464767453,0.26884771024701715,1.8,1.9603846153846154,1.5685714285714285
