epitope,mean_avg_rank,std_avg_rank,median_avg_rank,upper_quartile_avg_rank,lower_quartile_avg_rank
CINGVCWTV,5.998461538461537,1.3107394112880566,5.927601809954751,6.962669683257919,5.04524886877828
GILGFVFTL,1.8258300132802125,0.32721728742774564,1.7609561752988048,2.006972111553785,1.5833333333333333
GLCTLVAML,3.666017316017317,0.7916816020345671,3.632034632034632,4.282467532467532,3.036796536796537
KTFPPTEPK,7.044485981308412,1.5098663030042943,7.16822429906542,8.007009345794392,5.988317757009346
LLWNGPMAV,1.8763755458515279,0.4833051949269078,1.7532751091703056,1.997816593886463,1.5283842794759825
LTDEMIAQY,5.76591304347826,1.5501788079069887,5.6521739130434785,6.710869565217391,4.643478260869566
NLVPMVATV,6.145718015665796,1.3577084100587786,6.099216710182768,7.072454308093995,5.279373368146214
QYIKWPWYI,6.555913043478261,1.5683028791036873,6.478260869565217,7.493478260869566,5.554347826086956
SPRWYFYYL,6.480169014084507,1.4770320084739987,6.254929577464789,7.559859154929577,5.526056338028169
TFEYVSQPFLMDLE,1.3832315521628495,0.0771994368997833,1.3804071246819338,1.4332061068702289,1.3256997455470738
TTDPSFLGRY,5.0603208556149735,1.696934115626314,4.717914438502675,6.222593582887701,3.723930481283422
YLQPRTFLL,4.210208333333333,0.7159647527331265,4.207175925925926,4.59375,3.7424768518518516
