epitope,mean_avg_rank,std_avg_rank,median_avg_rank,upper_quartile_avg_rank,lower_quartile_avg_rank
CINGVCWTV,1.0858778625954197,0.15038506990404235,1.0954198473282442,1.183206106870229,0.9809160305343512
GILGFVFTL,1.7325819309618822,0.07173767044591248,1.7266237402015676,1.7728886966691846,1.6829622971976401
GLCTLVAML,1.4933779391133977,0.19307242943292818,1.5258170978388161,1.6245744680851064,1.3666560374149659
LLWNGPMAV,0.7124054682689629,0.126430040438712,0.72331583552056,0.7823660714285714,0.6245349702380952
NLVPMVATV,2.0346148761557554,0.13918435236675766,2.0375585652474464,2.1165073179289258,1.9428571428571428
SPRWYFYYL,1.2107069625204825,0.31820439737472245,1.2046511627906975,1.4429046563192904,0.9766057585825028
TFEYVSQPFLMDLE,0.9898844590410415,0.1633743865873079,0.9665266106442577,1.091859243697479,0.8845226615236258
TTDPSFLGRY,2.05826866316184,0.19726183797264368,2.07390180878553,2.191731435527671,1.9282942920251105
YLQPRTFLL,1.744793719920311,0.16601538421785503,1.7412935323383085,1.8684343434343433,1.6309848484848484
