epitope,mean_auc,std_auc,median_auc,upper_quartile_auc,lower_quartile_auc
GILGFVFTL,0.8848756689721518,0.008747081166243365,0.8847907533343571,0.8900637171526343,0.8795988485131215
NLVPMVATV,0.6382177070841912,0.02483625720381156,0.6406984636966311,0.6544971001048336,0.6199677957025741
YLQPRTFLL,0.7526788416571881,0.018850719915734622,0.7524535886709006,0.7663174935197434,0.7395748414716894
TFEYVSQPFLMDLE,0.9735166444931862,0.005625595271193646,0.9737420445147604,0.9774103771888821,0.9699255690194528
TTDPSFLGRY,0.6406154370549916,0.02020463020957047,0.6404174872494066,0.6560653688835025,0.627105307592284
SPRWYFYYL,0.6867620647713055,0.022608898153185012,0.6864717052126812,0.7006363811373918,0.6692747573919968
