epitope,mean_auc,std_auc,median_auc,upper_quartile_auc,lower_quartile_auc
GILGFVFTL,0.8442065560487794,0.014164524851834033,0.8460228688291966,0.852716702521074,0.8337262153127566
NLVPMVATV,0.5514771340942,0.0390541333882933,0.5521311487870599,0.5804270658746357,0.5256433351955944
GLCTLVAML,0.7676120176635929,0.04710020082578938,0.7737965500719892,0.8058821115693154,0.7334296708773989
YLQPRTFLL,0.7307303562052897,0.04440952474801849,0.7426387043053094,0.7572529382971276,0.7181758254304216
LLWNGPMAV,0.7580384629891674,0.030026443225630806,0.7603889735862004,0.7796893650053962,0.7436855213832658
CINGVCWTV,0.7233133380381086,0.03727534622078929,0.7305918582227271,0.7494963437354155,0.7067467296150514
QYIKWPWYI,0.571566849440524,0.05609351550823542,0.5774154915520906,0.6133845648064437,0.533197231387007
TFEYVSQPFLMDLE,0.9551278059471404,0.00972106792227659,0.9545439349194851,0.9642952396872271,0.9469588232016494
LTDEMIAQY,0.5761036409961371,0.040766449737520645,0.5791438199344832,0.6124658032852329,0.5437647500851249
TTDPSFLGRY,0.53764462492314,0.03617284551265361,0.5446201485028601,0.560469323538728,0.5142249250032608
SPRWYFYYL,0.5902916261647273,0.04723837677402863,0.5963399803963835,0.6283997226210278,0.5639774395724622
KTFPPTEPK,0.5052578970829336,0.041239648726661346,0.5025297360461574,0.5319494077974801,0.4816981341150457
