epitope,mean_auc,std_auc,median_auc,upper_quartile_auc,lower_quartile_auc
GILGFVFTL,0.7290493438421218,0.14856223197621227,0.7969839822224506,0.831587369890346,0.6826993230658567
NLVPMVATV,0.5145423214787431,0.05188587606275023,0.5216049520244779,0.5535142441255978,0.476709963461367
GLCTLVAML,0.5794570744169528,0.1040751368229883,0.6074249605055293,0.6606489870829848,0.5028679955394479
YLQPRTFLL,0.595936167036521,0.1208419906270601,0.622538885607403,0.7086901112088859,0.5038163178246293
LLWNGPMAV,0.6306787832512819,0.11801871293601032,0.6644473894322288,0.7183357879234168,0.5546142391200002
CINGVCWTV,0.5992957329342723,0.10189314854437817,0.6183709854830717,0.6853413472579807,0.5224897559560504
QYIKWPWYI,0.5208485447718938,0.060943589055274895,0.5265064071851071,0.5607550111940623,0.47840460655266437
TFEYVSQPFLMDLE,0.8941124763244328,0.12037473004818551,0.9311214002977811,0.9410356974252823,0.9165408359661547
LTDEMIAQY,0.5154379186884217,0.05111874225288679,0.5111287273614245,0.556728197712404,0.47811059907834097
TTDPSFLGRY,0.5114348398982754,0.05287319647017205,0.5085030764518761,0.5458556599739813,0.4757909468315123
SPRWYFYYL,0.5380101591374183,0.06548914125649254,0.541281776265894,0.5853211183849358,0.5001249472444969
KTFPPTEPK,0.5170259846722646,0.056442622578893896,0.524874789767606,0.5571692730837492,0.4764353878032689
