epitope,mean_auc,std_auc,median_auc,upper_quartile_auc,lower_quartile_auc
GILGFVFTL,0.8763705707656385,0.007669902433761664,0.8758967961635652,0.8817608182688309,0.8706475952157748
NLVPMVATV,0.617787899111237,0.025189830205275085,0.6227118947195851,0.6360127874569652,0.6022184300341297
GLCTLVAML,0.9033603714754027,0.017640657713378537,0.903531665767043,0.9174041604137874,0.8937974403233109
YLQPRTFLL,0.7531842632027994,0.01987274000872522,0.7553833639029648,0.7679555565918142,0.7351966128157568
LLWNGPMAV,0.8272911534244324,0.015667382766980088,0.826012636533292,0.8377481352894836,0.8167401993701778
CINGVCWTV,0.8076561893180706,0.017483973289015447,0.8084684650270475,0.8182873981074135,0.795119501620307
TFEYVSQPFLMDLE,0.9714245862542458,0.0044002142454231015,0.9710515285105152,0.9744160583941606,0.9686919129869191
TTDPSFLGRY,0.6102489121722203,0.017563072356464426,0.6108114643143413,0.6234612962326807,0.5975829570921463
SPRWYFYYL,0.6602904396340833,0.02571543803106707,0.6592781370716851,0.6745694375582301,0.6442016410681108
