epitope,mean_avg_rank,std_avg_rank,median_avg_rank,upper_quartile_avg_rank,lower_quartile_avg_rank
GILGFVFTL,1.7215985790408528,0.028488614120307815,1.7211367673179396,1.7388987566607461,1.7033747779751331
NLVPMVATV,3.0160103626943005,0.06867619116353993,3.0155440414507773,3.05699481865285,2.9689119170984455
SPRWYFYYL,2.55630303030303,0.09662930787548811,2.548484848484849,2.6303030303030304,2.4833333333333334
TFEYVSQPFLMDLE,1.1583251231527094,0.039273288953406905,1.1576354679802956,1.183497536945813,1.1280788177339902
TTDPSFLGRY,3.1299456521739137,0.06939132052277246,3.125,3.1807065217391304,3.0706521739130435
YLQPRTFLL,2.2882644628099174,0.06776385792756119,2.2892561983471076,2.334710743801653,2.239669421487603
