epitope,mean_auc,std_auc,median_auc,upper_quartile_auc,lower_quartile_auc
GILGFVFTL,0.8600027468786129,0.006361936210924758,0.8594742682958632,0.8638266800726706,0.8556429086778763
NLVPMVATV,0.6174245159927899,0.019136804660990898,0.6184296068360597,0.6281154075314312,0.6047557903628451
YLQPRTFLL,0.7586013751324121,0.015943033450908913,0.758240055063875,0.7685372254738765,0.7479032220665551
TFEYVSQPFLMDLE,0.9508424436374096,0.008250442606793989,0.9511481068641905,0.9566520441551903,0.9455531983747438
TTDPSFLGRY,0.5773975534009997,0.028428482137459573,0.5747645558753725,0.5980813355299702,0.5574423698429531
SPRWYFYYL,0.7280190236176377,0.016037038271906015,0.7275133664102766,0.7392911208533502,0.7183329833127696
