epitope,mean_avg_rank,std_avg_rank,median_avg_rank,upper_quartile_avg_rank,lower_quartile_avg_rank
GILGFVFTL,1.6178330373001772,0.05012578155068567,1.6127886323268206,1.6536412078152753,1.580373001776199
NLVPMVATV,2.340051813471503,0.1039209688832408,2.3290155440414506,2.410621761658031,2.2797927461139897
SPRWYFYYL,2.2243030303030302,0.09839294546445757,2.221212121212121,2.272727272727273,2.1575757575757577
TFEYVSQPFLMDLE,1.173399014778325,0.0445315837635055,1.167487684729064,1.2019704433497538,1.1428571428571428
TTDPSFLGRY,2.3307065217391303,0.09708163294172271,2.328804347826087,2.403532608695652,2.266304347826087
YLQPRTFLL,2.0749586776859505,0.08019301727160771,2.0702479338842976,2.128099173553719,2.020661157024793
