epitope,mean_avg_rank,std_avg_rank,median_avg_rank,upper_quartile_avg_rank,lower_quartile_avg_rank
CINGVCWTV,4.119819004524887,0.3748706867395491,4.0588235294117645,4.326923076923077,3.8812217194570136
GILGFVFTL,2.7295617529880487,0.15898278344706676,2.7211155378486054,2.8436254980079685,2.6142098273572376
GLCTLVAML,3.593982683982684,0.527037847798192,3.5757575757575757,3.796536796536796,3.25
KTFPPTEPK,5.970934579439252,0.3339912728209406,5.920560747663552,6.196261682242991,5.740654205607477
LLWNGPMAV,3.627729257641921,0.26536667350283644,3.569868995633188,3.7729257641921397,3.4552401746724892
LTDEMIAQY,5.334608695652173,0.42468888646108205,5.334782608695653,5.621739130434783,4.9543478260869565
NLVPMVATV,5.442819843342037,0.371131536081506,5.394255874673629,5.679503916449086,5.174281984334204
QYIKWPWYI,5.4576521739130435,0.4247568502714842,5.4913043478260875,5.747826086956522,5.217391304347826
SPRWYFYYL,5.371070422535212,0.2656103091786831,5.377464788732395,5.544366197183098,5.220422535211267
TFEYVSQPFLMDLE,1.5009923664122133,0.1533187710600877,1.4936386768447836,1.6246819338422391,1.3708651399491094
TTDPSFLGRY,5.610320855614973,0.31311921293822365,5.57620320855615,5.774064171122995,5.389705882352941
YLQPRTFLL,3.918287037037037,0.2652916137882328,3.8900462962962963,4.04224537037037,3.7314814814814814
