epitope,mean_avg_rank,std_avg_rank,median_avg_rank,upper_quartile_avg_rank,lower_quartile_avg_rank
CINGVCWTV,4.041447963800905,0.45959698122129156,3.9728506787330318,4.242081447963801,3.751131221719457
GILGFVFTL,2.5343691899070384,0.11780001817866993,2.537848605577689,2.585657370517928,2.4558432934926957
GLCTLVAML,3.7900865800865806,0.5048136923675892,3.7813852813852815,4.045454545454546,3.3863636363636362
KTFPPTEPK,5.993551401869159,0.41246982489673717,5.981308411214954,6.257009345794392,5.7453271028037385
LLWNGPMAV,3.454978165938865,0.3260460369209735,3.3820960698689957,3.660480349344978,3.230349344978166
LTDEMIAQY,5.7780000000000005,0.43446676353898217,5.769565217391305,6.1,5.458695652173913
NLVPMVATV,5.757310704960833,0.4464590678533929,5.689295039164491,6.001958224543081,5.486945169712794
QYIKWPWYI,5.857739130434782,0.41328692139370327,5.8130434782608695,6.1152173913043475,5.595652173913043
SPRWYFYYL,5.590591549295775,0.42802151276982686,5.616901408450705,5.886619718309859,5.259859154929577
TFEYVSQPFLMDLE,1.4059287531806615,0.08787837111667747,1.4045801526717556,1.4681933842239185,1.3371501272264632
TTDPSFLGRY,5.985935828877006,0.41405513060069254,5.971925133689839,6.304812834224599,5.701871657754011
YLQPRTFLL,4.010486111111111,0.28213527701473223,3.962962962962963,4.132523148148149,3.828125
