epitope,mean_auc,std_auc,median_auc,upper_quartile_auc,lower_quartile_auc
GILGFVFTL,0.8491749456767818,0.013523092315753021,0.8501466672732669,0.858857825901397,0.8416096354115892
NLVPMVATV,0.5556470787204366,0.043253069304177987,0.5567436654618978,0.5839891152739614,0.5287617673997894
GLCTLVAML,0.7365066491913441,0.04228749675990797,0.7330891856958208,0.7676902945581507,0.702715704980829
YLQPRTFLL,0.7240498047515915,0.04816104759719359,0.7364165285708035,0.7504775245564526,0.7111482329198661
LLWNGPMAV,0.7724175336818836,0.03509456530969575,0.7799800092714153,0.7935578569160255,0.7563404860314328
CINGVCWTV,0.7380198179226782,0.039489819303422054,0.7449175217658758,0.7680745455300231,0.7199232454898942
QYIKWPWYI,0.5736052319505923,0.04908733422327148,0.5758985076729797,0.6080533997111625,0.5476951707781
TFEYVSQPFLMDLE,0.9484823275942128,0.006756023381761844,0.9476737059118515,0.9525614308798127,0.9434232276517895
LTDEMIAQY,0.5622446312625486,0.0446932417945536,0.5630546325540984,0.5910190327466567,0.5346452347685191
TTDPSFLGRY,0.5405148960914743,0.04745350694657224,0.5418562935151887,0.5767348236412081,0.5080936892495358
SPRWYFYYL,0.6193054869790502,0.053497399175094974,0.6227920511808942,0.655274776002245,0.580941888698637
KTFPPTEPK,0.5479266615794921,0.04251175870941515,0.5545183931580021,0.576185160560798,0.5256801577527783
