epitope,mean_avg_rank,std_avg_rank,median_avg_rank,upper_quartile_avg_rank,lower_quartile_avg_rank
CINGVCWTV,2.336564885496183,0.17068229451725425,2.3282442748091605,2.4618320610687023,2.2251908396946565
GILGFVFTL,2.027028657616893,0.0829945558113583,2.02262443438914,2.0923831070889896,1.971342383107089
GLCTLVAML,1.9112765957446811,0.16945901370564576,1.900709219858156,1.9929078014184398,1.801418439716312
LLWNGPMAV,2.3033093525179855,0.1783294051477051,2.323741007194245,2.41726618705036,2.1708633093525176
NLVPMVATV,3.3312286689419803,0.12965274663415785,3.332764505119454,3.416382252559727,3.25938566552901
SPRWYFYYL,3.2638113207547175,0.11783751657803532,3.2641509433962264,3.3330188679245283,3.190566037735849
TFEYVSQPFLMDLE,1.2700660066006602,0.04823238982698298,1.2640264026402641,1.3036303630363035,1.24009900990099
TTDPSFLGRY,3.3635211267605634,0.1268887458314833,3.3661971830985915,3.461267605633803,3.266725352112676
YLQPRTFLL,2.751666666666667,0.10871159035053812,2.7514619883040936,2.8223684210526314,2.663011695906433
