epitope,mean_avg_rank,std_avg_rank,median_avg_rank,upper_quartile_avg_rank,lower_quartile_avg_rank
CINGVCWTV,2.685496183206107,0.1508903706944224,2.698473282442748,2.7709923664122136,2.58587786259542
GILGFVFTL,2.0636802413273,0.03579308508220971,2.0708898944193064,2.090497737556561,2.0392156862745097
GLCTLVAML,2.6100709219858156,0.190997476987216,2.6099290780141846,2.74468085106383,2.4521276595744683
LLWNGPMAV,2.5263309352517984,0.14362105306570366,2.514388489208633,2.6223021582733814,2.4100719424460433
NLVPMVATV,4.07372013651877,0.11355600707991682,4.066552901023891,4.147610921501706,3.9889078498293515
SPRWYFYYL,3.7813962264150938,0.0950542817695977,3.762264150943396,3.852830188679245,3.7273584905660377
TFEYVSQPFLMDLE,1.2546204620462045,0.048821185491500295,1.2508250825082508,1.2813531353135312,1.2202970297029703
TTDPSFLGRY,4.268204225352113,0.10755766273646286,4.269366197183099,4.338908450704226,4.185739436619718
YLQPRTFLL,2.998801169590643,0.0702778188363098,2.9985380116959064,3.047514619883041,2.9444444444444446
