epitope,mean_auc,std_auc,median_auc,upper_quartile_auc,lower_quartile_auc
GILGFVFTL,0.8590030165912522,0.006109215906657031,0.8583041147190461,0.8625470265907844,0.853826777291416
NLVPMVATV,0.6082145302075105,0.021027910558591722,0.608231366529055,0.6253619138461233,0.594494537758767
GLCTLVAML,0.7883426063780357,0.02331548008183291,0.7878771252375105,0.8072603095891981,0.7715375854889701
YLQPRTFLL,0.7574897410389528,0.010794117765491908,0.7578781567030393,0.7650486350745934,0.7512891705785433
LLWNGPMAV,0.800976514970804,0.017499662296456765,0.8009224829665385,0.8112493009214807,0.7885670844767485
CINGVCWTV,0.79846980201907,0.018182884371290446,0.799243220071009,0.812403041550741,0.7851501569373969
TFEYVSQPFLMDLE,0.9506790007467901,0.006603241774220751,0.9511531883115318,0.9557242658572427,0.9461395774613959
TTDPSFLGRY,0.5767230721728747,0.028188726862091257,0.5801403952168294,0.5952196921365591,0.5585763053933356
SPRWYFYYL,0.7150988618222829,0.017772934731344118,0.7163038918159084,0.7285598701093501,0.7056230555903651
