epitope,mean_auc,std_auc,median_auc,upper_quartile,lower_quartile
GILGFVFTL,0.8894030143699265,0.010731910003459124,0.8910994412778468,0.8968156736837316,0.8838193717787902
NLVPMVATV,0.5593063609518054,0.04320366069007081,0.563797644429749,0.5917469529227999,0.5347288889902364
GLCTLVAML,0.830307338790751,0.03704222278470139,0.8374270000977556,0.8577242616133054,0.80445530215533
YLQPRTFLL,0.7168232619063245,0.05165108678401513,0.7255474612237753,0.7523098584038853,0.6983634272932117
LLWNGPMAV,0.8145957626469038,0.027493259080932805,0.822701218302893,0.8342098795324384,0.7992601727014008
CINGVCWTV,0.7704927057112703,0.024642338751869313,0.7730392471353076,0.7875043871401131,0.7517073680052634
QYIKWPWYI,0.5945571510760957,0.05461599864114992,0.5957742840704952,0.6346105977527035,0.5514682572297432
TFEYVSQPFLMDLE,0.9674893185490612,0.004610536352079156,0.9680648576363737,0.9707739455062125,0.9655652755335153
LTDEMIAQY,0.5312915262595544,0.04497446395853041,0.5259214033275017,0.5590167784052883,0.503174864093743
TTDPSFLGRY,0.6164789341457203,0.03555199205100341,0.6192234654393909,0.6419990668107598,0.5930778630742763
SPRWYFYYL,0.6014796744660863,0.0533402589020112,0.608033822339175,0.6361629784482232,0.5753045271339269
KTFPPTEPK,0.4992221911619157,0.04746211997512014,0.5002556179280089,0.5327946468820908,0.46424559971995355
