epitope,mean_auc,std_auc,median_auc,upper_quartile,lower_quartile
GILGFVFTL,0.901433893816336,0.0050105076905882845,0.9009973371503742,0.9045182965875539,0.8978968124038375
NLVPMVATV,0.5992593916630843,0.02317356362405963,0.5952417584903953,0.6160710380040877,0.5825523602657797
YLQPRTFLL,0.7527171435126649,0.015167352649096891,0.7534408819983109,0.7634547700058091,0.7417282148662699
TFEYVSQPFLMDLE,0.968688001150624,0.0056764409337433505,0.9685031102801052,0.9726259393765057,0.9648969832080831
TTDPSFLGRY,0.6641147490279251,0.021822894918430816,0.6632549361207898,0.681260415088623,0.6481045327728122
SPRWYFYYL,0.6945293535995241,0.02042204598423718,0.6954313565921998,0.709093534245137,0.6814808494999081
