epitope,mean_avg_rank,std_avg_rank,median_avg_rank,upper_quartile_avg_rank,lower_quartile_avg_rank
CINGVCWTV,2.0347328244274805,0.13674300017708482,2.053435114503817,2.131679389312977,1.9370229007633588
GILGFVFTL,1.82921568627451,0.06566366523285731,1.8273001508295625,1.8736802413273002,1.7899698340874812
GLCTLVAML,1.714893617021277,0.1633393537383258,1.7198581560283688,1.8156028368794326,1.6028368794326242
LLWNGPMAV,2.234748201438849,0.17670521991321717,2.2194244604316546,2.341726618705036,2.1115107913669067
NLVPMVATV,3.115187713310581,0.12841509528474923,3.1160409556313993,3.1919795221843006,3.0238907849829353
SPRWYFYYL,2.9458867924528302,0.09816286116556892,2.939622641509434,2.9933962264150944,2.874528301886792
TFEYVSQPFLMDLE,1.2763366336633666,0.056941654849397186,1.2755775577557755,1.3201320132013201,1.2367986798679869
TTDPSFLGRY,3.0317605633802818,0.13403980125238107,3.017605633802817,3.1056338028169015,2.943661971830986
YLQPRTFLL,2.6414912280701754,0.12412195978468107,2.6535087719298245,2.7317251461988303,2.5716374269005846
