epitope,mean_auc,std_auc,median_auc,upper_quartile_auc,lower_quartile_auc
GILGFVFTL,0.8908360294547747,0.010701357940230269,0.8917402711069805,0.8978567513523935,0.8848132212856026
NLVPMVATV,0.5616958319556402,0.04425050825466075,0.5630763032977224,0.5985786007198209,0.5311518274862136
GLCTLVAML,0.8283429459677022,0.037223734808829394,0.8348630275031167,0.8570104043340732,0.8018502963443025
YLQPRTFLL,0.7408068968628995,0.046635679993550797,0.7484026683949159,0.7660322802498304,0.7305915493535473
LLWNGPMAV,0.8096017428313832,0.029592911004689807,0.8164405795972896,0.8287252047437524,0.7967123586017928
CINGVCWTV,0.7428034800242033,0.02758815125650214,0.7430513361436188,0.7646643696292913,0.7227865227055729
QYIKWPWYI,0.594279420916061,0.04561152900040756,0.5974873486832064,0.6250625227488875,0.5684744449271448
TFEYVSQPFLMDLE,0.9688470867925929,0.0034968421973111765,0.9690139484779257,0.9709377611857135,0.9672682528184842
LTDEMIAQY,0.5569675351360237,0.04314971412892622,0.5604762296140615,0.5884288884453264,0.5311791849146991
TTDPSFLGRY,0.6081498475221574,0.035626929584425024,0.6066323979702746,0.6354281180321352,0.5841263889147676
SPRWYFYYL,0.5869413315004088,0.03979264412018428,0.5941311164706984,0.6160420216941267,0.5593668275898533
KTFPPTEPK,0.5136524402068113,0.039430393379427685,0.5190353508261621,0.5408749436507276,0.48705225938545926
