epitope,mean_avg_rank,std_avg_rank,median_avg_rank,upper_quartile_avg_rank,lower_quartile_avg_rank
CINGVCWTV,1.0569465648854963,0.1966013306463973,1.0572519083969465,1.1717557251908397,0.9465648854961832
GILGFVFTL,1.4094846761394555,0.08073112135409687,1.417832167832168,1.4656686959664191,1.3481693256886453
GLCTLVAML,1.121671428630142,0.20241657678207906,1.0964160297459202,1.2393005429575217,0.9797368421052631
LLWNGPMAV,0.6742423059361938,0.13342721860612639,0.6746999612853272,0.7615322580645161,0.57759375
NLVPMVATV,1.7748915537433902,0.1301723304035262,1.7789654295882054,1.8479317338231356,1.677935943060498
SPRWYFYYL,0.8489947546347736,0.25790394301888014,0.8077803203661327,1.0,0.6721014492753623
TFEYVSQPFLMDLE,0.9625001970751766,0.16082969183732868,0.9800387596899225,1.0683760683760684,0.8532105149752208
TTDPSFLGRY,1.432980354178771,0.1438707328272503,1.4270248127340823,1.5215028901734104,1.3434489402697496
YLQPRTFLL,1.2544582359003624,0.12985605953402257,1.249391823999154,1.317992145311733,1.1711948072139302
