epitope,mean_auc,std_auc,median_auc,upper_quartile_auc,lower_quartile_auc
GILGFVFTL,0.9009101493778587,0.004316138584033646,0.9005732999687515,0.9032810350894028,0.8980488732072074
NLVPMVATV,0.5953268203744827,0.02527023614727667,0.59532989552439,0.6134934001023393,0.5811355202169992
GLCTLVAML,0.8434119762657509,0.022004204885030236,0.8434961158003587,0.858274412921365,0.8291085618476493
YLQPRTFLL,0.7495138046928702,0.011151917830530756,0.7504529314031287,0.7572561856008401,0.7417908881773247
LLWNGPMAV,0.8399240284562542,0.01490359183847967,0.8401971651990194,0.8504312738162771,0.8285373373076406
CINGVCWTV,0.7972079468259173,0.02267824887953214,0.7975698578331816,0.8105975717678218,0.7824915589114763
TFEYVSQPFLMDLE,0.9681668377056682,0.003963330999631377,0.9681318204813183,0.970683674206837,0.9655050468550505
TTDPSFLGRY,0.6587560014558899,0.024907810383616363,0.6585462981138865,0.6728023118385107,0.6395622208862933
SPRWYFYYL,0.68260838295948,0.020062936183285952,0.6821808988825262,0.6956505156942121,0.6702817929704313
