epitope,mean_avg_rank,std_avg_rank,median_avg_rank,upper_quartile_avg_rank,lower_quartile_avg_rank
GILGFVFTL,1.420461811722913,0.02562419219783908,1.4182948490230907,1.439165186500888,1.4049733570159857
NLVPMVATV,3.0235751295336786,0.0765906693689215,3.018134715025907,3.082901554404145,2.9637305699481864
SPRWYFYYL,2.835515151515152,0.09423421965650258,2.824242424242424,2.8848484848484848,2.7742424242424244
TFEYVSQPFLMDLE,1.1122660098522168,0.03382407490809735,1.1083743842364533,1.1330049261083743,1.0935960591133005
TTDPSFLGRY,2.6008695652173914,0.0754723625224883,2.6059782608695654,2.641304347826087,2.5489130434782608
YLQPRTFLL,2.1240909090909095,0.07062479128014838,2.115702479338843,2.1745867768595044,2.0785123966942147
