epitope,mean_avg_rank,std_avg_rank,median_avg_rank,upper_quartile_avg_rank,lower_quartile_avg_rank
CINGVCWTV,2.898914027149321,0.28863332299549993,2.8733031674208145,3.065610859728507,2.729638009049774
GILGFVFTL,1.806812749003984,0.11655404115105128,1.7921646746347941,1.8688579017264275,1.7194555112881806
GLCTLVAML,1.7069264069264074,0.17452224043388956,1.7142857142857142,1.844155844155844,1.6006493506493507
KTFPPTEPK,3.667603730976927,0.36579102280719467,3.5897328003366296,3.9097938144329896,3.454311152764761
LLWNGPMAV,1.7059825327510916,0.30023544532456603,1.6768558951965065,1.9290393013100435,1.4748908296943233
LTDEMIAQY,4.200782608695652,0.36404178284880334,4.191304347826087,4.4369565217391305,3.973913043478261
NLVPMVATV,3.982323759791123,0.25283451426441766,3.988250652741514,4.174934725848564,3.808746736292428
QYIKWPWYI,2.696256691267754,0.27880326316909093,2.691979590209679,2.8603603603603602,2.5258807915057915
SPRWYFYYL,3.42800911034286,0.1747206040190875,3.4237046336452863,3.5421597633136095,3.293768545994065
TFEYVSQPFLMDLE,1.4946160574646234,0.12091713151678274,1.496036769138035,1.5726797088262057,1.400150165282593
TTDPSFLGRY,3.835721925133689,0.22289181896489638,3.8114973262032086,3.9732620320855614,3.693850267379679
YLQPRTFLL,3.9012364144169487,0.22802380878415862,3.856132075471698,4.034139844617092,3.75
