epitope,mean_auc,std_auc,median_auc,upper_quartile_auc,lower_quartile_auc
GILGFVFTL,0.8993760943176723,0.00819505787639708,0.9012801431576576,0.9043749959379448,0.8951324663282704
NLVPMVATV,0.5453463197540295,0.04404315627473087,0.5474564934003747,0.5741719589086389,0.5219148224581087
GLCTLVAML,0.808504073753586,0.033840367647550884,0.8128372417471943,0.8316917029629602,0.7836318499825609
YLQPRTFLL,0.7411923757410689,0.03827664024328777,0.7453409737262365,0.7659849379799173,0.7297091372973682
LLWNGPMAV,0.8288255964062924,0.018849935447745367,0.8310144655978178,0.8426676124645782,0.8193077830002153
CINGVCWTV,0.6941997541943575,0.04587969442728783,0.7007511287057968,0.7248998977277444,0.6785562881083659
QYIKWPWYI,0.5593914687268842,0.046341435471430485,0.5566039286594888,0.5888932592844813,0.5361710246686001
TFEYVSQPFLMDLE,0.9704578221058303,0.0018794283374282182,0.9705388087145483,0.9717200646347579,0.969146561170855
LTDEMIAQY,0.5619160962321972,0.05549959180037039,0.5665347720414705,0.595422630299757,0.5275358405053482
TTDPSFLGRY,0.6101368729309906,0.044821335571544545,0.6129655853472209,0.644075645779376,0.5787469644176961
SPRWYFYYL,0.586629430641022,0.042341287255263066,0.5885640147555852,0.6273344368840824,0.5541800034977407
KTFPPTEPK,0.4906505539227907,0.036873693412544116,0.4943096678981658,0.5147553245340324,0.46705173052078064
