epitope,mean_auc,std_auc,median_auc,upper_quartile_auc,lower_quartile_auc
GILGFVFTL,0.8960747461486299,0.006376187495705529,0.8962791574322612,0.900243506669353,0.8926289404643526
NLVPMVATV,0.5450031620433186,0.04771352376717701,0.5483173140874351,0.5757355931301569,0.5152570490382752
GLCTLVAML,0.8123616547006566,0.031139311546828405,0.8166822954946735,0.8383218862728202,0.7877852562826079
YLQPRTFLL,0.709671926615038,0.05023289110961066,0.7236185628185776,0.7451835649515434,0.6906917577278991
LLWNGPMAV,0.8283476683364137,0.0156161361217579,0.8301165253850618,0.8381380637829564,0.8210860209689723
CINGVCWTV,0.7591566375700214,0.03112681692421395,0.7633648955829204,0.7787260185398339,0.7465154471360624
QYIKWPWYI,0.5771437964517606,0.04835774415052264,0.5785497070530358,0.6128039544904836,0.5564424849417042
TFEYVSQPFLMDLE,0.9673378354785389,0.0021872217954318706,0.9671648000594342,0.9689916606303746,0.9660218049441875
LTDEMIAQY,0.5141083023165707,0.05398148560282073,0.5157709964893329,0.5543020347779122,0.4784452089375243
TTDPSFLGRY,0.6126274634022123,0.04086876711811475,0.610170287627246,0.6449529368288335,0.5812191007223289
SPRWYFYYL,0.6061342644373314,0.05326947551095599,0.6015670691779902,0.6485114266308216,0.5783182781354601
KTFPPTEPK,0.48311763209654546,0.03744227808837351,0.4796173034449237,0.503767531234496,0.4575642759464789
