epitope,mean_auc,std_auc,median_auc,upper_quartile_auc,lower_quartile_auc
GILGFVFTL,0.8908360446197808,0.010701346043370577,0.8917401627855084,0.8978567513523936,0.8848132754463387
NLVPMVATV,0.5616959041657641,0.044250592604009126,0.5630761132710806,0.598578600719821,0.5311518274862136
GLCTLVAML,0.8283429157962193,0.03722373514642777,0.8348630275031167,0.8570104043340732,0.8018502963443024
YLQPRTFLL,0.7408069071175427,0.046635721039350236,0.7484026683949159,0.7660332202587999,0.730591720264269
LLWNGPMAV,0.8096017306641715,0.029592933587865772,0.8164408837775785,0.828725052653608,0.7967123586017928
CINGVCWTV,0.7428034863140097,0.02758811913389287,0.7430513361436188,0.7646648413647875,0.722787466176565
QYIKWPWYI,0.5942794796228675,0.045611502696182124,0.5974873486832064,0.6250625227488875,0.5684753255292418
TFEYVSQPFLMDLE,0.9688471276536468,0.003496839051196799,0.9690139484779257,0.9709377611857135,0.9672689957467357
LTDEMIAQY,0.5569675586187464,0.043149615524424326,0.5604762296140615,0.5884288884453264,0.5311791849146991
TTDPSFLGRY,0.6081498203494258,0.03562695778332967,0.6066325920612147,0.6354276328047848,0.5841265830057079
SPRWYFYYL,0.5869413396346895,0.03979264154334731,0.5941311164706984,0.6160417166586002,0.5593668275898533
KTFPPTEPK,0.513652415022779,0.03943044818450142,0.5190347212253543,0.5408749436507276,0.4870532037866711
