epitope,mean_auc,std_auc,median_auc,upper_quartile_auc,lower_quartile_auc
GILGFVFTL,0.907045428486365,0.0037775396064208414,0.9069460335269759,0.9097385948983684,0.904542602585017
NLVPMVATV,0.5859317257105385,0.02294525135595808,0.5877297047558012,0.602952814581874,0.5714413461108544
GLCTLVAML,0.8423234315406107,0.022610875299837945,0.8419020023054093,0.8595620611862774,0.8248959006815391
YLQPRTFLL,0.7720814378434767,0.008343680189145266,0.7706707702510855,0.7786514733871497,0.7667403273886626
LLWNGPMAV,0.8429287932150795,0.013268341035191561,0.8433703302056043,0.8519471967703074,0.8337701530054864
CINGVCWTV,0.7348881171120124,0.025390162418826127,0.7334839041015944,0.7492068241770602,0.7160000806439633
TFEYVSQPFLMDLE,0.9712683577846836,0.0038238148220498874,0.9713637349136375,0.9740779552407797,0.9682912962829129
TTDPSFLGRY,0.6786119869624249,0.018909026864770914,0.6764857437306767,0.6906410515941175,0.6667471802358869
SPRWYFYYL,0.6579098502225684,0.02573750857409703,0.65806286402345,0.6774214199706875,0.6433104135905721
