epitope,mean_auc,std_auc,median_auc,upper_quartile_auc,lower_quartile_auc
GILGFVFTL,0.9069992147636031,0.007022251985545019,0.9059066582830849,0.9115578974208896,0.9022272752297034
NLVPMVATV,0.6685830410812196,0.03279606206777531,0.6649301234623768,0.6956642984817974,0.6416444177960797
YLQPRTFLL,0.7572184261397199,0.020424949130573244,0.7563194705471729,0.769342528544859,0.7446461609056251
TFEYVSQPFLMDLE,0.9736869871633528,0.005573378088395808,0.9732954586314768,0.9775121354859588,0.9697702347991803
TTDPSFLGRY,0.7168728222996514,0.01947796275724516,0.7161785777407463,0.728764265515326,0.7004730975104781
SPRWYFYYL,0.7376324171545079,0.018484042386645395,0.7372461257098855,0.7505582827991144,0.7267907927090718
