epitope,mean_auc,std_auc,median_auc,upper_quartile_auc,lower_quartile_auc
GILGFVFTL,0.907000176750628,0.007021735669968234,0.9059086865689805,0.9115578974208896,0.9022272027909214
NLVPMVATV,0.6685837877382326,0.03279591050281162,0.6649312547608812,0.6956642984817974,0.6416444177960796
YLQPRTFLL,0.7572182369796878,0.020424929423456556,0.7563197756439983,0.7693425285448591,0.7446452456151484
TFEYVSQPFLMDLE,0.9736869871633526,0.005573378088395804,0.9732954586314766,0.9775121354859586,0.9697702347991802
TTDPSFLGRY,0.7168727591779023,0.019478052251312696,0.7161785777407463,0.7287646600262586,0.7004730975104783
SPRWYFYYL,0.7376318308700637,0.018484132976918394,0.7372448131327716,0.7505569702220005,0.726791011471924
