epitope,mean_auc,std_auc,median_auc,upper_quartile,lower_quartile
GILGFVFTL,0.7975599180204095,0.1531552326926185,0.8729875017661943,0.8834300993778713,0.7938074013179022
NLVPMVATV,0.5097930588615992,0.052012756416259694,0.5154264325817663,0.5481225678044144,0.4740961886938181
GLCTLVAML,0.6521853639294503,0.14993418235325492,0.7432667735340581,0.7737437273487594,0.5398772186599758
YLQPRTFLL,0.5855796405526634,0.11131536064763649,0.602359254392838,0.6805265914201868,0.510777839389349
LLWNGPMAV,0.6893480041768214,0.13928226063600455,0.7488486060347795,0.7947867082190916,0.6039093542125683
CINGVCWTV,0.6091082814112875,0.12432942899455633,0.6411175979983319,0.7231914276389746,0.5103903010963242
QYIKWPWYI,0.522690129189062,0.05871760652772166,0.5291219847900133,0.5683316926990322,0.4875079490909724
TFEYVSQPFLMDLE,0.9312845329419628,0.11047228021490667,0.9603856629262446,0.963898028107637,0.953250535642953
LTDEMIAQY,0.5003934212016413,0.059565869080089755,0.5086285749131044,0.5402964466474436,0.4652047598721177
TTDPSFLGRY,0.5365916519338636,0.06507568991404288,0.5397812216652565,0.5834034594542141,0.49122873851826915
SPRWYFYYL,0.5336708280030841,0.06378750208942509,0.536438583074448,0.58160681363107,0.4938161030422076
KTFPPTEPK,0.4948047968843553,0.043752632364619244,0.4921273195253627,0.5252000111504473,0.4664348302808983
