epitope,mean_avg_rank,std_avg_rank,median_avg_rank,upper_quartile_avg_rank,lower_quartile_avg_rank
CINGVCWTV,3.889502262443439,0.3169761126357233,3.8846153846153846,4.0610859728506785,3.665158371040724
GILGFVFTL,2.0547808764940236,0.07001969205486196,2.051128818061089,2.1019256308100926,2.0152722443559097
GLCTLVAML,3.1341558441558437,0.4112073314341995,3.162337662337662,3.512987012987013,2.738095238095238
KTFPPTEPK,6.393177570093459,0.3688837375229377,6.406542056074766,6.628504672897196,6.154205607476635
LLWNGPMAV,2.7733624454148473,0.24904194680471492,2.74235807860262,2.87117903930131,2.623362445414847
LTDEMIAQY,6.130695652173914,0.34214370343413003,6.195652173913043,6.4,5.92608695652174
NLVPMVATV,5.810757180156657,0.42171692674615496,5.804177545691906,6.034595300261097,5.622062663185378
QYIKWPWYI,5.581304347826086,0.4363318052060892,5.552173913043479,5.876086956521739,5.310869565217391
SPRWYFYYL,5.4899436619718305,0.4021969532561011,5.44225352112676,5.79718309859155,5.202112676056338
TFEYVSQPFLMDLE,1.2626972010178117,0.02376138048076302,1.262086513994911,1.2798982188295165,1.2468193384223918
TTDPSFLGRY,5.293048128342247,0.5220092309734945,5.17379679144385,5.644385026737968,4.857620320855615
YLQPRTFLL,4.106620370370369,0.4887185164520015,3.9791666666666665,4.249421296296296,3.8252314814814814
