epitope,mean_auc,std_auc,median_auc,upper_quartile_auc,lower_quartile_auc
GILGFVFTL,0.9070454580125439,0.0037775800273206327,0.9069459105012314,0.9097385948983684,0.904542602585017
NLVPMVATV,0.5859316809991505,0.022945554837546706,0.5877292079626013,0.6029538081682738,0.5714417187057544
GLCTLVAML,0.8423233524528093,0.022610845644921877,0.8419010137078932,0.8595613197381402,0.8248966421296764
YLQPRTFLL,0.7720813471708411,0.008343655499754358,0.7706705543638581,0.7786502860073988,0.7667403273886626
LLWNGPMAV,0.8429287130340307,0.013268323309730403,0.8433703302056044,0.8519471967703074,0.8337694013081538
CINGVCWTV,0.7348879685573432,0.025390247898885665,0.7334828429968145,0.7492068241770602,0.7159998153677682
TFEYVSQPFLMDLE,0.9712683577846836,0.0038238303228716143,0.9713637349136375,0.9740780756907808,0.9682912962829129
TTDPSFLGRY,0.6786118591631087,0.018909044504724346,0.6764859993293092,0.6906407959954852,0.6667459022427246
SPRWYFYYL,0.6579097902898021,0.025737634111888515,0.6580612294934591,0.6774207389165245,0.6433082342172508
