epitope,mean_avg_rank,std_avg_rank,median_avg_rank,upper_quartile_avg_rank,lower_quartile_avg_rank
CINGVCWTV,2.8240458015267182,0.1828475339587216,2.82824427480916,2.9618320610687023,2.677480916030534
GILGFVFTL,1.744720965309201,0.02999299990295501,1.7473604826546003,1.7631975867269984,1.7251131221719458
GLCTLVAML,2.4160283687943265,0.20151386212351802,2.382978723404255,2.5407801418439715,2.2624113475177303
LLWNGPMAV,2.1280575539568343,0.127445794422644,2.129496402877698,2.2302158273381294,2.035971223021583
NLVPMVATV,4.20273037542662,0.12443912537557897,4.209897610921502,4.284982935153584,4.112627986348123
SPRWYFYYL,3.8056603773584907,0.13160076415034794,3.7867924528301886,3.880188679245283,3.720754716981132
TFEYVSQPFLMDLE,1.1921782178217821,0.03143070134308959,1.188118811881188,1.2178217821782178,1.174917491749175
TTDPSFLGRY,3.665140845070423,0.10303072017482028,3.674295774647887,3.7367957746478875,3.601232394366197
YLQPRTFLL,3.0439766081871347,0.07414563589532024,3.0409356725146197,3.0884502923976607,2.991228070175439
