epitope,mean_auc,std_auc,median_auc,upper_quartile_auc,lower_quartile_auc
GILGFVFTL,0.907770169130068,0.00453917139807505,0.9073124052862926,0.911086176072601,0.9040801143953245
NLVPMVATV,0.5892969432314411,0.01990469632081944,0.5881111840170148,0.6018860631566244,0.5760579526513865
YLQPRTFLL,0.7736426120193504,0.01454657509353153,0.7737176170229384,0.7855294406232762,0.7616708688669436
TFEYVSQPFLMDLE,0.9723959224767181,0.0055722892592184005,0.9724540649383338,0.9766038617813095,0.9686580849304234
TTDPSFLGRY,0.6873894028051306,0.02118823848113741,0.6878286276069282,0.7018915615689543,0.6732086442079482
SPRWYFYYL,0.6712584114316718,0.023769842425896786,0.6735467583720544,0.6885692034407022,0.6512066958933838
