epitope,mean_avg_rank,std_avg_rank,median_avg_rank,upper_quartile_avg_rank,lower_quartile_avg_rank
CINGVCWTV,4.367466063348416,0.3778523280467705,4.3099547511312215,4.537330316742081,4.108597285067873
GILGFVFTL,1.9712749003984065,0.08988705810574109,1.9614873837981408,2.0172642762284196,1.8974103585657371
GLCTLVAML,3.2341125541125537,0.4699698690524025,3.1969696969696972,3.654761904761905,2.83008658008658
KTFPPTEPK,6.248598130841121,0.3072478767245898,6.219626168224299,6.481308411214953,6.02803738317757
LLWNGPMAV,2.945938864628821,0.2906183451204464,2.868995633187773,3.0185589519650655,2.771834061135371
LTDEMIAQY,5.92391304347826,0.3567621140888552,5.921739130434783,6.171739130434783,5.684782608695652
NLVPMVATV,5.857127937336815,0.42265195297852,5.844647519582246,6.124673629242819,5.530026109660575
QYIKWPWYI,5.9115652173913045,0.4591222907709859,5.904347826086957,6.1499999999999995,5.610869565217392
SPRWYFYYL,5.6960281690140855,0.39632353197310377,5.670422535211268,5.9457746478873235,5.393661971830986
TFEYVSQPFLMDLE,1.2657506361323154,0.028515353202170465,1.2646310432569974,1.2849872773536897,1.2493638676844783
TTDPSFLGRY,5.373315508021391,0.47614349552204066,5.306149732620321,5.655748663101605,5.010695187165775
YLQPRTFLL,3.7965277777777775,0.41723796996057005,3.704861111111111,3.9149305555555554,3.5185185185185186
