epitope,mean_avg_rank,std_avg_rank,median_avg_rank,upper_quartile_avg_rank,lower_quartile_avg_rank
GILGFVFTL,1.5364476021314386,0.0438897139317579,1.536412078152753,1.5701598579040852,1.5062166962699823
NLVPMVATV,2.192072538860104,0.0951881444288509,2.1813471502590676,2.25,2.1243523316062176
SPRWYFYYL,2.0315151515151517,0.0866772614842105,2.0303030303030303,2.0787878787878786,1.9696969696969697
TFEYVSQPFLMDLE,1.1598029556650247,0.05034434557720923,1.1551724137931034,1.2019704433497538,1.1231527093596059
TTDPSFLGRY,2.1565217391304348,0.09402330986373308,2.1467391304347827,2.2282608695652173,2.096467391304348
YLQPRTFLL,2.057231404958678,0.08963299522918179,2.041322314049587,2.116735537190083,2.0
