epitope,mean_avg_rank,std_avg_rank,median_avg_rank,upper_quartile_avg_rank,lower_quartile_avg_rank
CINGVCWTV,3.83158371040724,0.33037846073127336,3.8438914027149322,4.0542986425339365,3.6153846153846154
GILGFVFTL,2.257011952191235,0.12117296333803597,2.248339973439575,2.3413014608233733,2.174966799468791
GLCTLVAML,3.0883982683982687,0.46057480445979293,2.997835497835498,3.3181818181818183,2.7554112554112553
KTFPPTEPK,5.765514018691587,0.31480790621925314,5.747663551401869,5.974299065420561,5.4953271028037385
LLWNGPMAV,3.1892139737991267,0.2076556320922575,3.1572052401746724,3.3013100436681224,3.0491266375545854
LTDEMIAQY,5.5870434782608696,0.4521847741170518,5.5826086956521745,5.893478260869565,5.326086956521739
NLVPMVATV,5.283289817232377,0.35657337417083207,5.2793733681462145,5.54177545691906,5.065274151436031
QYIKWPWYI,5.2374782608695645,0.3593202887999636,5.1695652173913045,5.458695652173914,4.980434782608696
SPRWYFYYL,5.267690140845072,0.29299605789578764,5.270422535211267,5.447887323943662,5.0654929577464785
TFEYVSQPFLMDLE,1.4121628498727736,0.07011549996683654,1.4071246819338423,1.450381679389313,1.368320610687023
TTDPSFLGRY,5.097299465240642,0.35306246801769087,5.054812834224599,5.271390374331551,4.833556149732621
YLQPRTFLL,3.7806249999999992,0.2990713606043055,3.716435185185185,3.9288194444444446,3.6047453703703702
