epitope,mean_avg_rank,std_avg_rank,median_avg_rank,upper_quartile_avg_rank,lower_quartile_avg_rank
GILGFVFTL,0.939866146120971,0.06215964238684952,0.9346812915730585,0.9794674556213018,0.9011627906976745
NLVPMVATV,1.062904740840512,0.12098179510471216,1.0699334898278559,1.146273989383422,0.9869668759471747
SPRWYFYYL,,,,,
TFEYVSQPFLMDLE,0.5310188307029705,0.12253887892796383,0.5197676434888157,0.6253765060240963,0.44852443481792337
TTDPSFLGRY,,,,,
YLQPRTFLL,1.6654240198348191,0.2635579047464139,1.6440092165898617,1.856280193236715,1.4582228116710874
