epitope,mean_auc,std_auc,median_auc,upper_quartile_auc,lower_quartile_auc
GILGFVFTL,0.9059981397720785,0.007535651932923923,0.9058433467876297,0.9115871626888116,0.9007051191038453
NLVPMVATV,0.6593895287010431,0.034546202437290036,0.6548023621512773,0.6921376639440083,0.6305131947115565
YLQPRTFLL,0.7321125026238328,0.020163938663292316,0.7329042044783332,0.7455458914441087,0.7176222095844338
TFEYVSQPFLMDLE,0.9711383409442308,0.00529608283225111,0.9704030779188091,0.975082880874474,0.967166229189889
TTDPSFLGRY,0.7197852913699944,0.01923321373125794,0.7199074950765036,0.7320268709286472,0.7044793560319143
SPRWYFYYL,0.7317025000218762,0.021683178475135137,0.7342897645236657,0.7452532836304133,0.7181411282912872
