epitope,mean_avg_rank,std_avg_rank,median_avg_rank,upper_quartile_avg_rank,lower_quartile_avg_rank
CINGVCWTV,3.163893129770993,0.15905530429937798,3.16412213740458,3.269083969465649,3.045801526717557
GILGFVFTL,1.646153846153846,0.02731139823140846,1.6485671191553544,1.6610105580693817,1.6315987933634992
GLCTLVAML,2.425460992907802,0.19602070937813018,2.4078014184397163,2.5620567375886525,2.296099290780142
LLWNGPMAV,2.2264028776978417,0.13377989457901274,2.2194244604316546,2.3255395683453237,2.1276978417266186
NLVPMVATV,4.21679180887372,0.11896191213887906,4.203071672354949,4.294368600682594,4.1441979522184305
SPRWYFYYL,4.003849056603774,0.13159803734032774,3.986792452830189,4.09433962264151,3.9160377358490566
TFEYVSQPFLMDLE,1.178019801980198,0.02907221743027738,1.1815181518151816,1.1955445544554455,1.1575907590759076
TTDPSFLGRY,3.661443661971832,0.10291016294117915,3.6619718309859155,3.712147887323944,3.601232394366197
YLQPRTFLL,2.844736842105263,0.07006753399982521,2.8494152046783627,2.8859649122807016,2.7982456140350878
