epitope,mean_avg_rank,std_avg_rank,median_avg_rank,upper_quartile_avg_rank,lower_quartile_avg_rank
GILGFVFTL,1.4748312611012437,0.02657902922015544,1.4742451154529308,1.4911190053285968,1.452930728241563
NLVPMVATV,2.9510880829015536,0.07404911906396029,2.9455958549222796,3.0012953367875648,2.906735751295337
SPRWYFYYL,2.645030303030303,0.09008211741954049,2.6393939393939396,2.696969696969697,2.5863636363636364
TFEYVSQPFLMDLE,1.1196059113300492,0.03727003875479611,1.1157635467980296,1.1477832512315271,1.0985221674876848
TTDPSFLGRY,2.597282608695652,0.07550045693974072,2.5896739130434785,2.6467391304347827,2.5380434782608696
YLQPRTFLL,2.210371900826446,0.06419230965899732,2.2107438016528924,2.2530991735537187,2.1735537190082646
