epitope,mean_auc,std_auc,median_auc,upper_quartile_auc,lower_quartile_auc
GILGFVFTL,0.9029458243832105,0.00694620135872525,0.9038342203489502,0.907758741594266,0.8971028667458951
NLVPMVATV,0.6574022385501587,0.03321170235943387,0.666622203675276,0.6837415731453469,0.6353303177986099
GLCTLVAML,0.9291031344472849,0.01620038292893706,0.930012238837251,0.9406426279294615,0.9203645156761908
YLQPRTFLL,0.7586541460710251,0.02228752427873876,0.7562883631603126,0.7767622442599904,0.7406608264853906
LLWNGPMAV,0.8317195928406339,0.026330676201559607,0.8337816790312527,0.8520659649488544,0.8085030999997996
CINGVCWTV,0.8469504485289906,0.016017936541931115,0.8458113949920099,0.8563937929614799,0.836142608237993
TFEYVSQPFLMDLE,0.9712957432969574,0.0044763149347867666,0.9710529739105298,0.9747363349473633,0.9684312591843125
TTDPSFLGRY,0.695652942042499,0.01727639099967462,0.7000412024995502,0.7079441844154357,0.6814962437224976
SPRWYFYYL,0.7008870975650952,0.020092597115625905,0.7053370128419574,0.7150804461177189,0.6860744855316854
