epitope,mean_avg_rank,std_avg_rank,median_avg_rank,upper_quartile_avg_rank,lower_quartile_avg_rank
GILGFVFTL,1.5269094138543517,0.04695913586893796,1.5168738898756662,1.5599467140319716,1.4964476021314388
NLVPMVATV,2.1761139896373063,0.09185607907372816,2.178756476683938,2.244818652849741,2.1126943005181347
SPRWYFYYL,2.0471515151515156,0.08973619126104342,2.0484848484848484,2.0984848484848486,1.9924242424242424
TFEYVSQPFLMDLE,1.1600985221674878,0.05598668995233401,1.1576354679802956,1.1982758620689655,1.1169950738916257
TTDPSFLGRY,2.178532608695652,0.0985431899160362,2.1657608695652177,2.266304347826087,2.108695652173913
YLQPRTFLL,1.9887603305785122,0.0875254605010042,1.9855371900826446,2.0516528925619832,1.9256198347107438
