epitope,mean_auc,std_auc,median_auc,upper_quartile_auc,lower_quartile_auc
GILGFVFTL,0.902946092579333,0.006946051762346347,0.903835819683627,0.907758741594266,0.8971028667458953
NLVPMVATV,0.6574020646725388,0.033211733492612326,0.666622203675276,0.683740331162347,0.6353295726088102
GLCTLVAML,0.9291021260778184,0.016200283720299462,0.9300097673434605,0.9406426279294615,0.9203625384811583
YLQPRTFLL,0.7586541417532806,0.0222875472383038,0.7562883631603128,0.7767624601472177,0.7406611503162317
LLWNGPMAV,0.8317195627727407,0.026330694766084028,0.8337816790312526,0.8520659649488544,0.8085030999997996
CINGVCWTV,0.8469504803621339,0.016017978329860814,0.8458113949920099,0.8563937929614798,0.836142608237993
TFEYVSQPFLMDLE,0.9712957529329576,0.004476314409582676,0.9710529739105298,0.9747363349473634,0.9684312591843127
TTDPSFLGRY,0.6956529215946083,0.017276355865698412,0.7000412024995502,0.7079445678133843,0.6814970105183948
SPRWYFYYL,0.700887004941729,0.020092597634048304,0.7053367404202922,0.7150804461177189,0.6860740768991876
