epitope,mean_avg_rank,std_avg_rank,median_avg_rank,upper_quartile_avg_rank,lower_quartile_avg_rank
CINGVCWTV,2.6871493212669684,0.2687836280833727,2.6923076923076925,2.8608597285067874,2.5328054298642533
GILGFVFTL,1.8825896414342629,0.12657095881659478,1.8685258964143425,1.9687915006640107,1.793824701195219
GLCTLVAML,1.6625108225108223,0.18780587888502165,1.6666666666666665,1.7727272727272727,1.5367965367965368
KTFPPTEPK,3.387717540436981,0.3035792434228819,3.3556701030927836,3.577226345083488,3.1903311465167135
LLWNGPMAV,1.8156331877729257,0.2700587086316907,1.7707423580786026,1.9770742358078603,1.6408296943231442
LTDEMIAQY,3.8580869565217393,0.3897978342766995,3.8869565217391306,4.1152173913043475,3.621739130434783
NLVPMVATV,3.642819843342037,0.2771773823696704,3.643603133159269,3.8257180156657964,3.430809399477807
QYIKWPWYI,2.4372228960945774,0.28260476950097957,2.424107142857143,2.677927927927928,2.228872677987722
SPRWYFYYL,3.252863801114897,0.18157970607834456,3.238521236809299,3.38175995996699,3.1369308903832986
TFEYVSQPFLMDLE,1.447583696055988,0.1347762159095564,1.44761348060953,1.5321207586848384,1.3455110706703064
TTDPSFLGRY,3.563582887700534,0.2248488487310052,3.5467914438502675,3.6931818181818183,3.427807486631016
YLQPRTFLL,3.612777126093594,0.19808223281809148,3.625,3.713443396226415,3.4726262486126522
