epitope,mean_auc,std_auc,median_auc,upper_quartile_auc,lower_quartile_auc
GILGFVFTL,0.9077701488472093,0.004539203926272394,0.9073122604087286,0.9110858138786911,0.9040804765892344
NLVPMVATV,0.5892971619491519,0.01990484430122502,0.5881126924150206,0.6018856860571231,0.5760596495991432
YLQPRTFLL,0.7736426974464616,0.01454656661221976,0.7737176170229385,0.7855294406232762,0.7616711739637692
TFEYVSQPFLMDLE,0.9723958865197224,0.005572282676342151,0.9724540649383338,0.9766038617813096,0.9686580849304234
TTDPSFLGRY,0.6873896631823463,0.02118829453119087,0.6878274440741301,0.7018913643134879,0.6732080524415492
SPRWYFYYL,0.6712586914481227,0.023769628589987428,0.6735463208463497,0.6885692034407022,0.6512080084704976
