epitope,mean_auc,std_auc,median_auc,upper_quartile_auc,lower_quartile_auc
GILGFVFTL,0.8993760813190957,0.008195055776289019,0.9012800348361855,0.9043750500986809,0.895132141363854
NLVPMVATV,0.5453463425572265,0.04404319815927917,0.5474564934003747,0.5741719589086389,0.5219143473915042
GLCTLVAML,0.8085040677192894,0.033840313074470246,0.8128372417471943,0.8316915521055471,0.7836318499825609
YLQPRTFLL,0.7411923859957121,0.03827663911050182,0.7453409737262366,0.765984510703113,0.729709906395616
LLWNGPMAV,0.8288255538210519,0.01884994713701467,0.8310144655978177,0.8426674603744336,0.819308695541082
CINGVCWTV,0.6941997416147443,0.045879766074704155,0.7007514431961275,0.7248995832374139,0.6785562881083658
QYIKWPWYI,0.5593916096232197,0.04634148121498374,0.5566039286594888,0.5888932592844816,0.5361704376005354
TFEYVSQPFLMDLE,0.9704578221058303,0.0018794645201257473,0.9705388087145483,0.9717200646347579,0.969146561170855
LTDEMIAQY,0.5619157439913584,0.05549964423135682,0.5665341849734058,0.59542174969766,0.5275367211074452
TTDPSFLGRY,0.610136826349165,0.04482126330037557,0.6129655853472209,0.6440752575974958,0.5787460910084655
SPRWYFYYL,0.5866293614996362,0.042341290953752615,0.5885640147555852,0.6273339284915382,0.5541806135687937
KTFPPTEPK,0.4906504657786776,0.03687370199027139,0.4943096678981658,0.5147546949332246,0.4670504713191648
