epitope,mean_avg_rank,std_avg_rank,median_avg_rank,upper_quartile_avg_rank,lower_quartile_avg_rank
CINGVCWTV,1.1932824427480917,0.16188923086404225,1.183206106870229,1.3148854961832062,1.0438931297709924
GILGFVFTL,1.9221487068281902,0.08367910071201089,1.931338028169014,1.9824330157555576,1.8623576830383113
GLCTLVAML,1.5089262930731713,0.20655727005759003,1.5051025721128815,1.6386138613861385,1.3577659574468086
LLWNGPMAV,1.0264901033854437,0.14500885358722657,1.0316210473690788,1.1212857142857142,0.9573575331772053
NLVPMVATV,2.3695828017964997,0.12428493692979965,2.3660560523529486,2.4547872340425534,2.3035379701470013
SPRWYFYYL,0.8883410503917426,0.2692197774302479,0.8823366555924695,1.0435428005937655,0.7101328903654485
TFEYVSQPFLMDLE,1.075235059868008,0.1360097789095656,1.0741927607886224,1.170940170940171,0.98984375
TTDPSFLGRY,1.9213945291017118,0.14518312472490708,1.9185209733926711,2.005336257309941,1.8358403891190775
YLQPRTFLL,1.5683351135475385,0.1281003487619622,1.572172619047619,1.6520712762717027,1.470650353215352
