epitope,mean_auc,std_auc,median_auc,upper_quartile_auc,lower_quartile_auc
GILGFVFTL,0.7952978095699037,0.14677738219784028,0.8645829854465581,0.8834913274503003,0.7817049020993093
NLVPMVATV,0.5085828408943942,0.051642550993109514,0.5122924278881859,0.5489298339423105,0.4753884086385646
GLCTLVAML,0.6410278771003791,0.14235152076066107,0.7200585447449122,0.7466365811727534,0.5075045302481183
YLQPRTFLL,0.6103599026658385,0.12040465340662067,0.6473293392962619,0.7118218374177787,0.5101556964585401
LLWNGPMAV,0.6848333665753125,0.1377423368035028,0.7476989681355963,0.7939988199236229,0.5630351611249125
CINGVCWTV,0.5713254494394575,0.11251394666042798,0.6014166394700898,0.6673755907700861,0.4932343982304094
QYIKWPWYI,0.5142705042990428,0.055246295633563154,0.5197159234448093,0.5545264084046937,0.4851101548003798
TFEYVSQPFLMDLE,0.9315584364677492,0.11371611915016284,0.9621963176816646,0.9661462759196717,0.9540116933580274
LTDEMIAQY,0.5122895559833788,0.06286819404237144,0.5157065326282961,0.5523420417621283,0.4744191719007257
TTDPSFLGRY,0.5374400546045569,0.06351985663344904,0.5433385112944751,0.5818823859862992,0.4973451577344941
SPRWYFYYL,0.5236375593796905,0.0536737690101505,0.5258704261375355,0.5635739513157937,0.48423324437618404
KTFPPTEPK,0.4972067791702336,0.042800516001023865,0.4962762151664669,0.5339984110612438,0.4632360456796662
