epitope,mean_auc,std_auc,median_auc,upper_quartile_auc,lower_quartile_auc
GILGFVFTL,0.7952978154621284,0.14677737764668478,0.8645829854465582,0.8834913274503003,0.7817050091413942
NLVPMVATV,0.5085828314458554,0.05164256428162096,0.5122924278881859,0.5489298339423105,0.4753884086385646
GLCTLVAML,0.6410278819203047,0.14235152453453168,0.720059125545953,0.7466365811727534,0.5075045302481183
YLQPRTFLL,0.6103599223626326,0.12040464134408599,0.6473293392962619,0.7118225908201438,0.5101558638812879
LLWNGPMAV,0.6848333763720543,0.13774237508210996,0.7476989681355963,0.7939988199236228,0.5630351611249125
CINGVCWTV,0.5713254468231441,0.11251395461515597,0.6014166394700898,0.6673755907700861,0.4932347004145967
QYIKWPWYI,0.5142704868763776,0.055246288955966665,0.5197159234448093,0.5545264084046937,0.4851101548003798
TFEYVSQPFLMDLE,0.9315584382699713,0.11371610539493548,0.9621963176816646,0.9661462759196717,0.9540116933580274
LTDEMIAQY,0.5122894950040507,0.06286819570416426,0.5157065326282961,0.5523420417621283,0.4744191719007257
TTDPSFLGRY,0.5374400595402354,0.0635198444036706,0.5433387008245316,0.5818824807513274,0.49734544202957875
SPRWYFYYL,0.5236375713337648,0.053673766257055174,0.5258708227954547,0.5635739513157937,0.4842336410341031
KTFPPTEPK,0.4972067692428409,0.04280052274712903,0.4962762151664669,0.5339972495563051,0.46323604567966625
