epitope,mean_avg_rank,std_avg_rank,median_avg_rank,upper_quartile_avg_rank,lower_quartile_avg_rank
GILGFVFTL,0.7747152737197028,0.06634539460428046,0.7790966040224201,0.8298053024026513,0.7355904170008019
NLVPMVATV,0.8089550304924019,0.10116771262553521,0.8169470490899062,0.8791946308724832,0.7396405228758169
SPRWYFYYL,,,,,
TFEYVSQPFLMDLE,0.4820852209567278,0.10586327618279577,0.48390243902439023,0.5544294294294294,0.40498794454490655
TTDPSFLGRY,,,,,
YLQPRTFLL,1.256953883120292,0.29771249923892507,1.2456896551724137,1.4254032258064517,1.0708128078817734
