epitope,mean_avg_rank,std_avg_rank,median_avg_rank,upper_quartile_avg_rank,lower_quartile_avg_rank
CINGVCWTV,3.621628959276019,0.30762893944228276,3.6244343891402715,3.8042986425339365,3.4343891402714934
GILGFVFTL,2.2742098273572378,0.10898928552763797,2.2722443559096948,2.346613545816733,2.1935590969455507
GLCTLVAML,3.0540259740259743,0.4366459095267051,2.9761904761904763,3.3322510822510822,2.7294372294372296
KTFPPTEPK,5.819158878504675,0.3117053614147529,5.794392523364486,6.007009345794392,5.588785046728972
LLWNGPMAV,3.106069868995633,0.20954629306863776,3.12882096069869,3.23471615720524,2.9421397379912664
LTDEMIAQY,5.619304347826086,0.4278076701585688,5.608695652173913,5.943478260869565,5.310869565217391
NLVPMVATV,5.241174934725849,0.4252279721153487,5.184073107049608,5.492167101827676,4.966710182767624
QYIKWPWYI,5.043826086956521,0.3951615113315151,5.039130434782608,5.304347826086956,4.765217391304348
SPRWYFYYL,5.088197183098591,0.3404161414726452,5.0718309859154935,5.340140845070422,4.893661971830985
TFEYVSQPFLMDLE,1.3923918575063612,0.07465433338721712,1.3778625954198473,1.4204834605597965,1.3454198473282442
TTDPSFLGRY,4.941577540106952,0.37026406927685396,4.867647058823529,5.107620320855615,4.670454545454545
YLQPRTFLL,3.964421296296296,0.3459782740486505,3.9212962962962963,4.078125,3.7395833333333335
