epitope,mean_avg_rank,std_avg_rank,median_avg_rank,upper_quartile_avg_rank,lower_quartile_avg_rank
CINGVCWTV,2.0477862595419847,0.14190927979555298,2.041984732824427,2.1622137404580153,1.9522900763358777
GILGFVFTL,1.850090497737557,0.07433767619380675,1.8506787330316743,1.9098793363499247,1.794871794871795
GLCTLVAML,1.7032624113475177,0.1558242378416743,1.6985815602836878,1.7819148936170213,1.6010638297872342
LLWNGPMAV,2.1652517985611515,0.17869975026648202,2.1510791366906474,2.264388489208633,2.0431654676258995
NLVPMVATV,3.0751535836177477,0.13930767357348972,3.0648464163822524,3.1689419795221845,2.968430034129693
SPRWYFYYL,2.8522641509433964,0.12354140095566753,2.8377358490566036,2.9377358490566037,2.7783018867924527
TFEYVSQPFLMDLE,1.266930693069307,0.051936500046050535,1.268976897689769,1.3036303630363035,1.2301980198019802
TTDPSFLGRY,2.9472183098591547,0.11328893069970919,2.954225352112676,3.0211267605633805,2.869718309859155
YLQPRTFLL,2.701608187134503,0.11600884102187885,2.703216374269006,2.7646198830409356,2.6191520467836256
