epitope,mean_auc,std_auc,median_auc,upper_quartile_auc,lower_quartile_auc
GILGFVFTL,0.7604284590837304,0.022310758519503874,0.7626384077610169,0.7720604260500141,0.7520356854257793
NLVPMVATV,0.4554611794573599,0.028171329670863693,0.4540709407458926,0.47709247836546687,0.4362401708719562
GLCTLVAML,0.7832381242027185,0.035212995504051964,0.7874738865817762,0.8044824564897048,0.7711592607745381
YLQPRTFLL,0.6663706014416662,0.034024770905278154,0.6690539476274857,0.6872638013825993,0.6522522273085254
LLWNGPMAV,0.737800350659037,0.04045632400309581,0.7491139228185102,0.7654700011315506,0.7180528568004371
CINGVCWTV,0.6944841666698117,0.030271737320603103,0.6998894251997327,0.7135257259380302,0.6810093126876722
QYIKWPWYI,0.42245753736688235,0.03128150361636698,0.42590261714943234,0.44380056123706985,0.40178409984853647
TFEYVSQPFLMDLE,0.9393461637042404,0.00785375413305063,0.9406537768614996,0.9445775524228747,0.9359891161011126
LTDEMIAQY,0.46097819629207815,0.028918282804129652,0.46230201129518955,0.4758503680916765,0.44122391950122697
TTDPSFLGRY,0.5384011952896459,0.03800855297426227,0.5470852975336475,0.5645449421453725,0.5169204599800008
SPRWYFYYL,0.493649965632664,0.0341477489774969,0.496260671159501,0.515704449044832,0.47335840047504196
KTFPPTEPK,0.4486159107679366,0.023567827579361954,0.44820903754183694,0.4651591504922219,0.43040329709351083
