epitope,mean_auc,std_auc,median_auc,upper_quartile_auc,lower_quartile_auc
GILGFVFTL,0.7304025832504677,0.025141029288858877,0.7335475932052108,0.7494326121289718,0.7161129273011273
NLVPMVATV,0.41078232068135956,0.017779477285830896,0.4061599036184873,0.41595615705321887,0.40187480284735916
GLCTLVAML,0.7148726944461541,0.06123763226912143,0.7468775532617182,0.7559519283801414,0.681328196940129
YLQPRTFLL,0.6333654030211547,0.0326115875788726,0.6368488985145808,0.6564294562577936,0.6199540318522894
LLWNGPMAV,0.6384662499802283,0.0520844527180723,0.6501908427132395,0.6808750293533979,0.610634629587495
CINGVCWTV,0.6020252799907414,0.0759770795167119,0.6383373776789858,0.6512855735737548,0.591557255480623
QYIKWPWYI,0.3698038018527868,0.030231105496593753,0.36184644647700454,0.37990524721436203,0.35425976587725583
TFEYVSQPFLMDLE,0.8835245704946045,0.0245235657030366,0.8918307609442617,0.9022295276833638,0.8745329767277724
LTDEMIAQY,0.41772821096877977,0.018266978541522393,0.41631814392560673,0.42525801641442307,0.40413589451561016
TTDPSFLGRY,0.46953773748967437,0.03565365384041757,0.4705692143819834,0.49556075201699307,0.4440402824100816
SPRWYFYYL,0.4508458025077987,0.016475822043778537,0.4514391576138901,0.4637294456894413,0.4392056061462625
KTFPPTEPK,0.4171676526215319,0.012078664142876101,0.41717475451864494,0.42528212412202165,0.4088684310599707
