epitope,mean_auc,std_auc,median_auc,upper_quartile_auc,lower_quartile_auc
GILGFVFTL,0.7363787736983474,0.007557989520302702,0.736911615993324,0.7414790260750639,0.7311906907472495
NLVPMVATV,0.4066316265809896,0.014459710856857606,0.40614596767503075,0.4163872359360741,0.39631988596511075
YLQPRTFLL,0.6430239488804166,0.013487118504892212,0.6442625931765705,0.6525767867690491,0.6354693975680122
TFEYVSQPFLMDLE,0.9058334040487576,0.008491915061152532,0.9045823594980402,0.9123336090036317,0.9002703966056596
TTDPSFLGRY,0.4651635484522547,0.013833153772388716,0.46488458188153314,0.4748294134727062,0.45661721077614503
SPRWYFYYL,0.44060963081581045,0.016203630270813715,0.4419980923879278,0.45333657102354763,0.4284444211097402
