epitope,mean_avg_rank,std_avg_rank,median_avg_rank,upper_quartile_avg_rank,lower_quartile_avg_rank
CINGVCWTV,4.02,0.5591203435163891,3.877862595419847,4.404580152671755,3.597328244274809
GILGFVFTL,3.884328808446455,0.8236635368045707,3.9004524886877827,4.436274509803922,3.2435897435897436
GLCTLVAML,2.5963829787234043,0.29791471329824837,2.5390070921985815,2.7943262411347516,2.368794326241135
LLWNGPMAV,3.125251798561152,0.5435213422772788,3.0899280575539567,3.4136690647482015,2.70863309352518
NLVPMVATV,6.647235494880546,0.13869134749299208,6.656996587030717,6.7209897610921505,6.6058020477815695
SPRWYFYYL,6.3688301886792456,0.5945181211441872,6.460377358490566,6.8254716981132075,6.085849056603774
TFEYVSQPFLMDLE,1.1195379537953796,0.01949475645668355,1.118811881188119,1.132013201320132,1.1056105610561056
TTDPSFLGRY,6.225985915492957,0.679747366194853,6.172535211267606,6.811619718309859,5.787852112676056
YLQPRTFLL,3.298391812865497,0.728029353114704,3.3172514619883042,3.817982456140351,2.6673976608187133
