epitope,mean_avg_rank,std_avg_rank,median_avg_rank,upper_quartile_avg_rank,lower_quartile_avg_rank
CINGVCWTV,4.134389140271492,0.6832472804901374,4.090497737556561,4.590497737556561,3.669683257918552
GILGFVFTL,3.2848472775564415,0.5528397097224733,3.150066401062417,3.754980079681275,2.8439575033200533
GLCTLVAML,3.7087445887445885,0.5767296679331251,3.712121212121212,4.0854978354978355,3.3106060606060606
KTFPPTEPK,5.747943925233643,0.6690132653660473,5.714953271028037,6.233644859813084,5.259345794392523
LLWNGPMAV,4.13056768558952,0.6214010623857106,4.048034934497816,4.351528384279476,3.7587336244541487
LTDEMIAQY,5.463913043478261,0.666155490854965,5.4913043478260875,5.886956521739131,5.047826086956522
NLVPMVATV,5.465274151436032,0.775513268165686,5.318537859007833,5.905352480417755,4.990861618798956
QYIKWPWYI,5.588347826086956,0.6174981169085727,5.578260869565217,6.021739130434782,5.217391304347826
SPRWYFYYL,5.409859154929577,0.5410254247410439,5.33943661971831,5.698591549295775,5.08943661971831
TFEYVSQPFLMDLE,1.7947582697201019,0.14414043852406175,1.768447837150127,1.89058524173028,1.7067430025445294
TTDPSFLGRY,5.327112299465241,0.6635246645085784,5.209893048128342,5.772058823529412,4.868315508021391
YLQPRTFLL,4.481134259259259,0.5306076035124057,4.403935185185185,4.6875,4.191550925925926
