epitope,mean_auc,std_auc,median_auc,upper_quartile_auc,lower_quartile_auc
GILGFVFTL,0.6508913317230051,0.07448814228961027,0.6735072981293326,0.71405997782088,0.5978653667475905
NLVPMVATV,0.4567054975150721,0.06576096219659257,0.42468437156522,0.5492506609630752,0.40688144253334513
GLCTLVAML,0.6106118182263368,0.1376556772659243,0.6241398336585819,0.7428973840721123,0.46036787937923984
YLQPRTFLL,0.5841010401161693,0.0836913874690739,0.6117138330031757,0.6468988954116791,0.5502392136220504
LLWNGPMAV,0.5734155809680216,0.12924759269051342,0.6157610438993095,0.6654413228094247,0.5228622237415446
CINGVCWTV,0.5509350782259366,0.12601850776870963,0.6399136961961054,0.6539428992759666,0.38757479058635813
QYIKWPWYI,0.4420562926310838,0.08454559318808305,0.41388629968726315,0.5460176143144617,0.3748551740959814
TFEYVSQPFLMDLE,0.7863666777773662,0.11390212373244987,0.8305392744307658,0.8639310745542361,0.7355975596470203
LTDEMIAQY,0.4632798341362278,0.03710898866184493,0.4622537959631685,0.5044122899479933,0.44240502469662785
TTDPSFLGRY,0.47758399987895345,0.05829754065510839,0.47285057753598797,0.5288953733438864,0.4216894026922366
SPRWYFYYL,0.46943597721666463,0.03157156952091992,0.4719396254914592,0.48354424957081615,0.44147629730939003
KTFPPTEPK,0.4565288013912327,0.03693778133249898,0.45374422732045455,0.5033985634506918,0.4279170035030989
