epitope,mean_avg_rank,std_avg_rank,median_avg_rank,upper_quartile_avg_rank,lower_quartile_avg_rank
GILGFVFTL,2.703001776198934,0.22502993626743512,2.676731793960924,2.8880994671403197,2.575044404973357
NLVPMVATV,4.49181347150259,0.10738691657274972,4.484455958549223,4.550518134715026,4.419689119170984
SPRWYFYYL,4.075030303030302,0.2765427117855208,4.112121212121212,4.292424242424243,3.8545454545454545
TFEYVSQPFLMDLE,1.0710344827586205,0.023993536140075985,1.0689655172413792,1.0886699507389161,1.0541871921182266
TTDPSFLGRY,4.104891304347826,0.28069428926585777,4.073369565217391,4.25,3.9551630434782608
YLQPRTFLL,2.2982644628099176,0.11816502799299232,2.2954545454545454,2.3264462809917354,2.2479338842975207
