epitope,mean_auc,std_auc,median_auc,upper_quartile_auc,lower_quartile_auc
GILGFVFTL,0.737279654740551,0.008976106906177748,0.7377730863960592,0.7436887793139593,0.7311877643515682
NLVPMVATV,0.4064258064195617,0.007700520044069784,0.40615924209229426,0.41075445499302,0.40078791401503294
GLCTLVAML,0.7550981084175121,0.015720434098231716,0.7541372806054962,0.7671833077286577,0.7450723356802639
YLQPRTFLL,0.640119955579044,0.010303781929606372,0.6417588936902208,0.6473592242567434,0.6337449439211338
LLWNGPMAV,0.6500783769752101,0.016912256611510197,0.6505980503977982,0.6602147649392328,0.6399941066929126
CINGVCWTV,0.6472432816150864,0.018359183922069366,0.6486002966848965,0.659666823710174,0.6335527698018069
TFEYVSQPFLMDLE,0.9033665293536653,0.0065912522308913405,0.9034149984341501,0.9081826503818267,0.8998373924983738
TTDPSFLGRY,0.4649969123685201,0.012328205198207038,0.4660723487265054,0.4740687519425496,0.45573977400991317
SPRWYFYYL,0.44417285699497117,0.012077529580036737,0.4470848157612278,0.4526018993238494,0.43643258381052524
