epitope,mean_auc,std_auc,median_auc,upper_quartile_auc,lower_quartile_auc
GILGFVFTL,0.8025149562397427,0.011573135722108475,0.8042312244260234,0.8094403804940221,0.7960887040222038
NLVPMVATV,0.5335379773561659,0.021129118379781375,0.5351024139181583,0.5465845467507241,0.5226306690314022
GLCTLVAML,0.8584333794019776,0.020045013388137755,0.8567225619702354,0.8724501598562183,0.8454846797042906
YLQPRTFLL,0.7067707588522402,0.021957938435396042,0.7092150167701199,0.7224111235462154,0.6930472223085771
LLWNGPMAV,0.7690068173936748,0.029124057070155567,0.7653992715551715,0.7944213033028579,0.7454602492427903
CINGVCWTV,0.7649459897667056,0.0200483230509319,0.7650714017406363,0.7785089673964944,0.7524697213751069
TFEYVSQPFLMDLE,0.9507219291272193,0.005227201969258797,0.950432897304329,0.9543294548432945,0.9471983329719833
TTDPSFLGRY,0.597011878179647,0.017002446355398184,0.5983359506633295,0.6079745750928335,0.5851731322896729
SPRWYFYYL,0.5579928298617732,0.025483907632189405,0.5561869684372258,0.5781381613716976,0.5388241736088788
