epitope,mean_avg_rank,std_avg_rank,median_avg_rank,upper_quartile_avg_rank,lower_quartile_avg_rank
GILGFVFTL,1.7123978685612788,0.061513274717519814,1.7202486678507993,1.7522202486678509,1.6745115452930728
NLVPMVATV,2.327875647668394,0.09495892679006816,2.3367875647668392,2.384715025906736,2.273316062176166
SPRWYFYYL,2.2636363636363632,0.09515923535559695,2.2636363636363637,2.315151515151515,2.2
TFEYVSQPFLMDLE,1.3299014778325122,0.0762909474999234,1.3152709359605912,1.3793103448275863,1.2758620689655173
TTDPSFLGRY,2.337934782608696,0.10859881555993506,2.3315217391304346,2.407608695652174,2.25
YLQPRTFLL,2.143719008264463,0.09838630373855825,2.1404958677685952,2.2045454545454546,2.0733471074380168
