epitope,mean_auc,std_auc,median_auc,upper_quartile_auc,lower_quartile_auc
GILGFVFTL,0.8146929030276513,0.009922763938796961,0.8138728960155772,0.8202505512591309,0.8093140337101116
NLVPMVATV,0.561587988626679,0.023462138660487415,0.5606051692799663,0.5776327201695439,0.5469396489957841
YLQPRTFLL,0.7091979614650505,0.01970075151251102,0.7081138670168365,0.7232549071773418,0.6958547714702739
TFEYVSQPFLMDLE,0.9527620581784184,0.007644231900343576,0.9513451511991657,0.9578990327568229,0.947474740210708
TTDPSFLGRY,0.60949344796243,0.020571388359056166,0.6117034035247184,0.6233308242438016,0.5942782501388678
SPRWYFYYL,0.5714345242783013,0.019741670647521803,0.5700364896437665,0.5835844730877938,0.5572633642226481
