epitope,mean_avg_rank,std_avg_rank,median_avg_rank,upper_quartile_avg_rank,lower_quartile_avg_rank
CINGVCWTV,2.503969465648855,0.18276020800739776,2.484732824427481,2.635496183206107,2.385496183206107
GILGFVFTL,2.148250377073906,0.11500282758680057,2.150075414781297,2.2183257918552037,2.082579185520362
GLCTLVAML,2.226950354609929,0.21488776529260822,2.223404255319149,2.347517730496454,2.0851063829787235
LLWNGPMAV,2.621582733812949,0.2291748045506669,2.618705035971223,2.7571942446043165,2.431654676258993
NLVPMVATV,3.238805460750853,0.1682925809593913,3.226962457337884,3.3643344709897613,3.114334470989761
SPRWYFYYL,3.2362264150943396,0.16964436236775232,3.2132075471698114,3.34811320754717,3.1056603773584905
TFEYVSQPFLMDLE,1.5273597359735973,0.07668321625576167,1.5297029702970297,1.5783828382838283,1.4785478547854785
TTDPSFLGRY,3.1915140845070415,0.15355818699210771,3.188380281690141,3.288732394366197,3.0880281690140845
YLQPRTFLL,2.9083333333333328,0.1377707375905604,2.9035087719298245,2.9941520467836256,2.7916666666666665
