epitope,mean_avg_rank,std_avg_rank,median_avg_rank,upper_quartile_avg_rank,lower_quartile_avg_rank
CINGVCWTV,5.1968325791855206,1.916289913295234,4.789592760180995,6.487556561085973,3.6368778280542986
GILGFVFTL,4.772217795484727,2.017833325898752,4.278884462151394,6.113213811420983,3.0292164674634794
GLCTLVAML,3.711558441558442,1.5653770226100843,3.0995670995671,4.37012987012987,2.5681818181818183
KTFPPTEPK,7.835794392523365,1.0978498387735296,8.0,8.672897196261681,7.147196261682243
LLWNGPMAV,4.241790393013101,1.7154534435981086,3.960698689956332,5.545851528384279,2.7194323144104806
LTDEMIAQY,7.464782608695653,1.0604477957024607,7.560869565217391,8.373913043478261,6.6173913043478265
NLVPMVATV,7.71093994778068,1.1563628391858065,7.865535248041775,8.754569190600522,6.842036553524804
QYIKWPWYI,7.848608695652174,0.7368672204455209,7.9,8.556521739130435,7.380434782608695
SPRWYFYYL,6.738619718309858,1.6665393571954825,6.567605633802817,8.038732394366196,5.548591549295775
TFEYVSQPFLMDLE,1.3954198473282446,0.35000349165759764,1.2786259541984732,1.4147582697201018,1.1895674300254453
TTDPSFLGRY,6.729411764705883,1.6740504412205255,6.985294117647059,8.112967914438503,5.615641711229946
YLQPRTFLL,4.873171296296295,2.1203878904894404,4.6030092592592595,6.463541666666666,3.0503472222222223
